dt_cotacao,vl_abertura,vl_alta,vl_baixa,vl_fechamento,qt_volume,cd_moeda,cd_empresa
2017-01-02,15.16,15.34,15.07,15.22,63750,BRL,ITUB3
2017-01-03,15.36,15.7,15.31,15.68,107700,BRL,ITUB3
2017-01-04,15.6,15.91,15.6,15.91,135600,BRL,ITUB3
2017-01-05,15.8,15.96,15.7,15.94,208650,BRL,ITUB3
2017-01-06,15.96,16.19,15.74,15.96,86400,BRL,ITUB3
2017-01-09,15.94,16.01,15.81,15.89,70650,BRL,ITUB3
2017-01-10,15.92,16.09,15.7,15.89,227250,BRL,ITUB3
2017-01-11,15.9,15.99,15.74,15.91,126150,BRL,ITUB3
2017-01-12,16.0,16.28,16.0,16.19,659100,BRL,ITUB3
2017-01-13,16.27,16.27,15.85,15.85,309900,BRL,ITUB3
2017-01-16,15.86,15.97,15.73,15.97,83550,BRL,ITUB3
2017-01-17,15.97,16.36,15.88,16.36,176550,BRL,ITUB3
2017-01-18,16.36,16.36,16.16,16.26,63450,BRL,ITUB3
2017-01-19,16.16,16.27,15.91,16.2,155550,BRL,ITUB3
2017-01-20,16.12,16.27,16.01,16.21,180000,BRL,ITUB3
2017-01-23,16.24,16.57,16.14,16.56,260100,BRL,ITUB3
2017-01-24,16.56,16.67,16.32,16.55,159300,BRL,ITUB3
2017-01-26,16.55,16.96,16.5,16.86,717900,BRL,ITUB3
2017-01-27,16.86,17.03,16.81,16.93,256800,BRL,ITUB3
2017-01-30,16.83,16.88,16.32,16.32,231450,BRL,ITUB3
2017-01-31,16.41,16.53,16.3,16.5,225900,BRL,ITUB3
2017-02-01,16.54,16.66,16.32,16.46,175650,BRL,ITUB3
2017-02-02,16.46,16.63,16.27,16.51,150900,BRL,ITUB3
2017-02-03,16.46,16.85,16.38,16.68,241350,BRL,ITUB3
2017-02-06,16.82,16.94,16.51,16.54,210150,BRL,ITUB3
2017-02-07,16.86,17.25,16.81,17.17,278400,BRL,ITUB3
2017-02-08,17.2,17.66,16.97,17.66,127800,BRL,ITUB3
2017-02-09,17.67,17.91,17.52,17.87,290550,BRL,ITUB3
2017-02-10,17.9,18.04,17.74,18.04,272250,BRL,ITUB3
2017-02-13,17.97,18.48,17.7,17.84,717600,BRL,ITUB3
2017-02-14,17.84,17.84,17.66,17.8,297600,BRL,ITUB3
2017-02-15,17.82,18.42,17.8,18.42,1011450,BRL,ITUB3
2017-02-16,18.33,18.46,17.99,18.21,377550,BRL,ITUB3
2017-02-17,18.19,18.27,17.93,18.27,154800,BRL,ITUB3
2017-02-20,18.27,18.37,18.16,18.36,178800,BRL,ITUB3
2017-02-21,18.53,18.78,18.41,18.78,500250,BRL,ITUB3
2017-02-22,18.73,18.88,18.59,18.78,645150,BRL,ITUB3
2017-02-23,18.79,19.09,18.39,18.57,317400,BRL,ITUB3
2017-02-24,18.37,18.59,18.36,18.37,168750,BRL,ITUB3
2017-03-01,18.37,18.58,18.3,18.54,83700,BRL,ITUB3
2017-03-02,18.52,18.52,18.12,18.27,297150,BRL,ITUB3
2017-03-03,18.27,18.6,18.26,18.56,181950,BRL,ITUB3
2017-03-06,18.58,18.64,18.36,18.6,279900,BRL,ITUB3
2017-03-07,18.6,18.6,18.16,18.28,185400,BRL,ITUB3
2017-03-08,18.32,18.34,17.97,18.12,175800,BRL,ITUB3
2017-03-09,18.04,18.18,17.93,18.17,75600,BRL,ITUB3
2017-03-10,18.36,18.45,18.03,18.2,97050,BRL,ITUB3
2017-03-13,18.27,18.42,17.99,18.42,97500,BRL,ITUB3
2017-03-14,18.39,18.47,18.23,18.29,146400,BRL,ITUB3
2017-03-15,18.31,18.49,18.04,18.38,296550,BRL,ITUB3
2017-03-16,18.36,18.36,18.01,18.02,225750,BRL,ITUB3
2017-03-17,18.02,18.21,17.69,17.79,280200,BRL,ITUB3
2017-03-20,17.74,17.95,17.58,17.91,403950,BRL,ITUB3
2017-03-21,17.9,17.92,17.26,17.44,313800,BRL,ITUB3
2017-03-22,17.27,17.78,17.27,17.61,133200,BRL,ITUB3
2017-03-23,17.48,17.63,17.4,17.59,112200,BRL,ITUB3
2017-03-24,17.55,17.75,17.53,17.69,329100,BRL,ITUB3
2017-03-27,17.59,18.05,17.47,18.0,175650,BRL,ITUB3
2017-03-28,17.91,17.96,17.74,17.79,74700,BRL,ITUB3
2017-03-29,17.78,18.09,17.73,18.0,79350,BRL,ITUB3
2017-03-30,18.01,18.03,17.78,17.97,80250,BRL,ITUB3
2017-03-31,17.96,17.96,17.64,17.73,110400,BRL,ITUB3
2017-04-03,17.73,17.92,17.64,17.81,163050,BRL,ITUB3
2017-04-04,17.67,17.95,17.67,17.87,95550,BRL,ITUB3
2017-04-05,17.89,17.91,17.57,17.69,110700,BRL,ITUB3
2017-04-06,17.7,17.7,17.41,17.57,146250,BRL,ITUB3
2017-04-07,17.57,17.77,17.5,17.77,97050,BRL,ITUB3
2017-04-10,17.67,17.76,17.48,17.57,68850,BRL,ITUB3
2017-04-11,17.65,17.77,17.29,17.5,128400,BRL,ITUB3
2017-04-12,17.5,17.59,17.35,17.53,53250,BRL,ITUB3
2017-04-13,17.53,17.53,17.11,17.23,156750,BRL,ITUB3
2017-04-17,17.4,17.86,17.18,17.78,203400,BRL,ITUB3
2017-04-18,17.77,17.87,17.57,17.87,149850,BRL,ITUB3
2017-04-19,17.88,17.88,17.66,17.73,67800,BRL,ITUB3
2017-04-20,17.79,17.79,17.5,17.53,154200,BRL,ITUB3
2017-04-24,17.79,17.9,17.57,17.85,203100,BRL,ITUB3
2017-04-25,17.84,17.91,17.69,17.88,103050,BRL,ITUB3
2017-04-26,17.86,18.03,17.76,17.9,168000,BRL,ITUB3
2017-04-27,17.91,18.12,17.91,18.02,145050,BRL,ITUB3
2017-04-28,18.09,18.09,17.88,17.89,358200,BRL,ITUB3
2017-05-02,18.04,18.49,18.04,18.49,133800,BRL,ITUB3
2017-05-03,18.65,18.7,18.12,18.26,101850,BRL,ITUB3
2017-05-04,18.31,18.31,17.53,17.71,253950,BRL,ITUB3
2017-05-05,17.86,17.89,17.63,17.88,152250,BRL,ITUB3
2017-05-08,17.86,18.02,17.82,17.97,93300,BRL,ITUB3
2017-05-09,17.9,18.12,17.9,18.12,150750,BRL,ITUB3
2017-05-10,18.33,18.33,18.04,18.17,63150,BRL,ITUB3
2017-05-11,18.32,18.41,18.13,18.33,87150,BRL,ITUB3
2017-05-12,18.35,18.54,18.24,18.42,139350,BRL,ITUB3
2017-05-15,18.47,18.54,18.31,18.53,91050,BRL,ITUB3
2017-05-16,18.54,18.64,18.36,18.46,186150,BRL,ITUB3
2017-05-17,18.38,18.51,18.16,18.33,432000,BRL,ITUB3
2017-05-18,16.66,16.93,15.91,16.51,1677449,BRL,ITUB3
2017-05-19,16.81,17.08,16.74,16.86,559800,BRL,ITUB3
2017-05-22,16.81,16.81,16.13,16.31,362400,BRL,ITUB3
2017-05-23,16.37,16.76,16.37,16.59,165900,BRL,ITUB3
2017-05-24,16.77,17.01,16.77,16.77,148500,BRL,ITUB3
2017-05-25,16.9,16.99,16.54,16.64,222900,BRL,ITUB3
2017-05-26,16.64,17.0,16.63,16.96,647400,BRL,ITUB3
2017-05-29,16.96,16.99,16.82,16.95,120450,BRL,ITUB3
2017-05-30,16.87,17.04,16.87,16.94,69750,BRL,ITUB3
2017-05-31,17.0,17.12,16.87,16.96,171450,BRL,ITUB3
2017-06-01,16.97,17.13,16.67,16.81,430050,BRL,ITUB3
2017-06-02,16.86,16.97,16.72,16.86,130350,BRL,ITUB3
2017-06-05,16.82,16.92,16.7,16.78,57600,BRL,ITUB3
2017-06-06,16.71,17.2,16.71,17.07,150150,BRL,ITUB3
2017-06-07,17.23,17.44,17.16,17.29,167550,BRL,ITUB3
2017-06-08,17.16,17.25,17.06,17.25,123600,BRL,ITUB3
2017-06-09,17.24,17.27,17.01,17.11,182850,BRL,ITUB3
2017-06-12,17.1,17.14,16.85,17.09,181650,BRL,ITUB3
2017-06-13,17.08,17.34,17.08,17.29,273600,BRL,ITUB3
2017-06-14,17.32,17.57,17.32,17.48,123000,BRL,ITUB3
2017-06-16,17.35,17.44,17.21,17.37,123300,BRL,ITUB3
2017-06-19,17.35,17.59,17.33,17.53,610650,BRL,ITUB3
2017-06-20,17.43,17.48,16.9,17.08,385350,BRL,ITUB3
2017-06-21,17.08,17.19,16.88,17.04,92250,BRL,ITUB3
2017-06-22,17.08,17.08,16.85,16.93,148650,BRL,ITUB3
2017-06-23,17.0,17.16,16.75,16.87,253950,BRL,ITUB3
2017-06-26,16.97,17.14,16.87,17.08,174450,BRL,ITUB3
2017-06-27,17.09,17.16,16.94,17.03,71100,BRL,ITUB3
2017-06-28,17.03,17.14,16.82,16.97,54300,BRL,ITUB3
2017-06-29,17.12,17.14,16.81,17.0,116850,BRL,ITUB3
2017-06-30,17.03,17.18,16.95,17.11,127650,BRL,ITUB3
2017-07-03,17.12,17.34,16.83,17.16,143100,BRL,ITUB3
2017-07-04,17.19,17.36,17.13,17.23,99750,BRL,ITUB3
2017-07-05,17.29,17.46,17.16,17.23,56850,BRL,ITUB3
2017-07-06,17.36,17.36,17.11,17.24,176100,BRL,ITUB3
2017-07-07,17.27,17.27,16.96,16.98,118800,BRL,ITUB3
2017-07-10,16.99,17.09,16.88,17.02,157800,BRL,ITUB3
2017-07-11,17.02,17.22,17.02,17.16,360750,BRL,ITUB3
2017-07-12,17.2,17.46,17.03,17.26,156300,BRL,ITUB3
2017-07-13,17.25,17.46,17.25,17.3,73200,BRL,ITUB3
2017-07-14,17.37,17.54,17.28,17.54,130350,BRL,ITUB3
2017-07-17,17.52,17.53,17.39,17.49,56700,BRL,ITUB3
2017-07-18,17.36,17.46,17.28,17.4,70050,BRL,ITUB3
2017-07-19,17.46,17.55,17.34,17.42,104250,BRL,ITUB3
2017-07-20,17.45,17.49,17.1,17.29,121350,BRL,ITUB3
2017-07-21,17.29,17.34,17.14,17.27,45900,BRL,ITUB3
2017-07-24,17.39,17.45,17.27,17.32,49650,BRL,ITUB3
2017-07-25,17.32,17.42,17.25,17.3,43800,BRL,ITUB3
2017-07-26,17.3,17.39,17.24,17.28,48150,BRL,ITUB3
2017-07-27,17.3,17.41,17.27,17.32,33600,BRL,ITUB3
2017-07-28,17.28,17.32,17.18,17.3,36150,BRL,ITUB3
2017-07-31,17.41,17.46,17.13,17.4,118800,BRL,ITUB3
2017-08-01,17.63,17.96,17.6,17.85,339150,BRL,ITUB3
2017-08-02,17.86,18.06,17.77,17.97,107850,BRL,ITUB3
2017-08-03,17.97,18.19,17.88,18.1,123300,BRL,ITUB3
2017-08-04,18.1,18.29,17.94,18.09,171000,BRL,ITUB3
2017-08-07,18.1,18.33,18.1,18.2,63150,BRL,ITUB3
2017-08-08,18.26,18.57,18.26,18.36,97650,BRL,ITUB3
2017-08-09,18.28,18.28,18.15,18.19,64950,BRL,ITUB3
2017-08-10,18.15,18.22,17.87,17.98,160500,BRL,ITUB3
2017-08-11,17.98,18.14,17.9,17.99,299850,BRL,ITUB3
2017-08-14,17.99,18.46,17.98,18.25,253050,BRL,ITUB3
2017-08-15,18.44,18.68,18.43,18.52,125100,BRL,ITUB3
2017-08-16,18.46,18.82,18.46,18.65,135450,BRL,ITUB3
2017-08-17,18.66,18.66,18.33,18.47,72150,BRL,ITUB3
2017-08-18,18.45,18.79,18.44,18.79,144000,BRL,ITUB3
2017-08-21,18.77,18.77,18.42,18.55,87000,BRL,ITUB3
2017-08-22,18.67,19.0,18.65,18.94,80100,BRL,ITUB3
2017-08-23,18.91,19.32,18.84,19.25,286500,BRL,ITUB3
2017-08-24,19.25,19.29,18.69,19.22,227550,BRL,ITUB3
2017-08-25,19.23,19.23,18.99,19.11,87150,BRL,ITUB3
2017-08-28,19.11,19.2,18.99,19.16,72450,BRL,ITUB3
2017-08-29,19.02,19.16,18.89,19.16,164250,BRL,ITUB3
2017-08-30,19.16,19.16,18.91,19.12,128100,BRL,ITUB3
2017-08-31,19.14,19.14,18.83,18.99,940350,BRL,ITUB3
2017-09-01,19.14,19.43,19.05,19.31,188250,BRL,ITUB3
2017-09-04,19.19,19.33,19.19,19.28,51450,BRL,ITUB3
2017-09-05,19.34,19.53,19.0,19.2,151200,BRL,ITUB3
2017-09-06,19.28,19.85,19.28,19.68,273900,BRL,ITUB3
2017-09-08,19.6,19.84,19.6,19.82,228000,BRL,ITUB3
2017-09-11,19.82,20.34,19.82,20.05,936750,BRL,ITUB3
2017-09-12,20.09,20.28,20.01,20.08,104850,BRL,ITUB3
2017-09-13,20.09,20.33,19.96,20.24,182850,BRL,ITUB3
2017-09-14,20.07,20.45,20.04,20.09,162150,BRL,ITUB3
2017-09-15,20.13,20.66,20.13,20.5,916800,BRL,ITUB3
2017-09-18,20.53,20.75,20.45,20.58,67650,BRL,ITUB3
2017-09-19,20.58,20.82,20.34,20.66,71100,BRL,ITUB3
2017-09-20,20.52,20.7,20.24,20.45,166350,BRL,ITUB3
2017-09-21,20.44,20.7,20.28,20.35,83550,BRL,ITUB3
2017-09-22,20.39,20.53,20.2,20.31,148200,BRL,ITUB3
2017-09-25,20.25,20.33,20.13,20.29,54750,BRL,ITUB3
2017-09-26,20.27,20.4,20.14,20.33,113700,BRL,ITUB3
2017-09-27,20.37,20.39,20.11,20.28,122250,BRL,ITUB3
2017-09-28,20.25,20.3,20.11,20.28,107250,BRL,ITUB3
2017-09-29,20.29,20.52,20.29,20.45,57900,BRL,ITUB3
2017-10-02,20.46,20.59,20.24,20.48,165300,BRL,ITUB3
2017-10-03,20.48,21.02,20.45,20.94,197250,BRL,ITUB3
2017-10-04,20.95,21.1,20.8,20.95,78750,BRL,ITUB3
2017-10-05,21.0,21.4,21.0,21.03,292500,BRL,ITUB3
2017-10-06,20.98,21.02,20.57,20.84,122850,BRL,ITUB3
2017-10-09,20.84,20.84,20.51,20.63,61200,BRL,ITUB3
2017-10-10,20.71,21.08,20.71,20.89,119850,BRL,ITUB3
2017-10-11,20.83,21.04,20.81,20.95,80850,BRL,ITUB3
2017-10-13,21.1,21.2,20.83,21.16,270900,BRL,ITUB3
2017-10-16,21.1,21.11,20.89,20.98,112050,BRL,ITUB3
2017-10-17,21.03,21.03,20.84,20.84,83850,BRL,ITUB3
2017-10-18,20.83,21.05,20.78,20.97,86850,BRL,ITUB3
2017-10-19,20.97,20.97,20.53,20.96,104550,BRL,ITUB3
2017-10-20,20.96,21.13,20.82,20.92,531150,BRL,ITUB3
2017-10-23,20.93,20.99,20.64,20.72,76350,BRL,ITUB3
2017-10-24,20.78,20.87,20.54,20.73,39600,BRL,ITUB3
2017-10-25,20.84,20.99,20.62,20.99,200550,BRL,ITUB3
2017-10-26,21.04,21.28,20.78,21.05,113700,BRL,ITUB3
2017-10-27,21.08,21.18,20.83,21.14,72300,BRL,ITUB3
2017-10-30,21.07,21.17,20.45,20.87,146400,BRL,ITUB3
2017-10-31,20.94,20.99,20.03,20.47,292650,BRL,ITUB3
2017-11-01,20.5,20.5,19.98,19.98,171750,BRL,ITUB3
2017-11-03,20.17,20.27,19.96,20.22,134250,BRL,ITUB3
2017-11-06,20.25,20.3,19.97,20.12,77700,BRL,ITUB3
2017-11-07,20.12,20.12,19.64,19.78,45150,BRL,ITUB3
2017-11-08,19.93,20.49,19.86,20.3,58200,BRL,ITUB3
2017-11-09,20.3,20.3,19.63,19.72,72750,BRL,ITUB3
2017-11-10,19.74,19.93,19.43,19.93,45150,BRL,ITUB3
2017-11-13,19.93,20.05,19.56,20.05,76950,BRL,ITUB3
2017-11-14,20.04,20.05,19.63,19.79,54750,BRL,ITUB3
2017-11-16,19.59,20.3,19.59,20.3,126450,BRL,ITUB3
2017-11-17,20.27,20.52,20.08,20.39,189900,BRL,ITUB3
2017-11-21,20.4,20.73,20.4,20.58,153450,BRL,ITUB3
2017-11-22,20.7,20.7,20.43,20.43,69450,BRL,ITUB3
2017-11-23,20.37,20.38,19.72,20.32,54000,BRL,ITUB3
2017-11-24,20.32,20.35,20.04,20.21,113400,BRL,ITUB3
2017-11-27,20.23,20.31,19.82,20.25,313650,BRL,ITUB3
2017-11-28,20.49,20.7,20.36,20.62,298500,BRL,ITUB3
2017-11-29,20.56,20.58,20.07,20.29,158400,BRL,ITUB3
2017-11-30,20.16,20.16,19.72,19.78,136800,BRL,ITUB3
2017-12-01,19.78,19.94,19.48,19.68,150150,BRL,ITUB3
2017-12-04,19.73,19.94,19.54,19.88,545700,BRL,ITUB3
2017-12-05,19.88,20.26,19.7,19.78,95550,BRL,ITUB3
2017-12-06,19.62,19.83,19.42,19.65,210300,BRL,ITUB3
2017-12-07,19.59,19.86,19.24,19.72,83100,BRL,ITUB3
2017-12-08,19.96,20.3,19.93,20.16,148650,BRL,ITUB3
2017-12-11,20.15,20.35,20.1,20.2,129900,BRL,ITUB3
2017-12-12,20.16,20.46,19.94,20.37,141900,BRL,ITUB3
2017-12-13,20.39,20.72,20.26,20.35,261900,BRL,ITUB3
2017-12-14,19.73,19.89,19.62,19.7,71289864,BRL,ITUB3
2017-12-15,19.78,20.09,19.7,20.09,228450,BRL,ITUB3
2017-12-18,20.17,20.2,19.48,19.8,14196293,BRL,ITUB3
2017-12-19,19.9,19.9,19.64,19.64,184200,BRL,ITUB3
2017-12-20,19.85,19.91,19.67,19.8,96450,BRL,ITUB3
2017-12-21,19.8,20.17,19.72,20.02,15213442,BRL,ITUB3
2017-12-22,19.8,19.9,19.78,19.8,14584943,BRL,ITUB3
2017-12-26,19.82,20.11,19.8,20.04,255900,BRL,ITUB3
2017-12-27,20.12,20.15,19.96,20.05,168450,BRL,ITUB3
2017-12-28,20.12,20.18,20.03,20.17,512100,BRL,ITUB3
2017-01-02,16.54,16.63,16.36,16.37,1781200,BRL,PETR3
2017-01-03,16.63,17.64,16.61,17.41,10110500,BRL,PETR3
2017-01-04,17.43,17.59,17.04,17.2,6254000,BRL,PETR3
2017-01-05,17.44,17.77,17.43,17.59,6139800,BRL,PETR3
2017-01-06,17.6,17.7,17.18,17.32,4240600,BRL,PETR3
2017-01-09,17.41,17.47,17.04,17.15,5174300,BRL,PETR3
2017-01-10,17.45,17.7,17.35,17.44,6200000,BRL,PETR3
2017-01-11,17.62,17.92,17.33,17.88,5919300,BRL,PETR3
2017-01-12,18.59,18.67,18.12,18.17,7868900,BRL,PETR3
2017-01-13,18.15,18.24,17.91,18.04,4126100,BRL,PETR3
2017-01-16,18.24,18.24,17.95,18.07,2255400,BRL,PETR3
2017-01-17,18.14,18.2,17.98,17.99,5241300,BRL,PETR3
2017-01-18,17.99,18.02,17.77,17.86,3714600,BRL,PETR3
2017-01-19,18.01,18.01,17.61,17.76,3799500,BRL,PETR3
2017-01-20,17.96,18.07,17.66,17.66,6395100,BRL,PETR3
2017-01-23,17.57,17.9,17.42,17.81,4884400,BRL,PETR3
2017-01-24,17.83,18.14,17.56,17.56,7706200,BRL,PETR3
2017-01-26,17.56,17.64,17.18,17.22,10499600,BRL,PETR3
2017-01-27,17.34,17.34,16.82,16.92,8488000,BRL,PETR3
2017-01-30,16.91,16.91,15.98,15.98,7232800,BRL,PETR3
2017-01-31,16.14,16.53,15.99,16.03,8176800,BRL,PETR3
2017-02-01,16.32,16.54,15.86,15.96,7537900,BRL,PETR3
2017-02-02,16.06,16.29,15.7,15.75,9084300,BRL,PETR3
2017-02-03,15.83,16.18,15.68,16.18,11630000,BRL,PETR3
2017-02-06,16.2,16.35,15.76,15.82,8355600,BRL,PETR3
2017-02-07,15.99,16.02,15.6,15.62,5886100,BRL,PETR3
2017-02-08,15.73,15.94,15.25,15.94,16409000,BRL,PETR3
2017-02-09,16.03,16.16,15.76,15.81,7296500,BRL,PETR3
2017-02-10,15.9,16.28,15.9,16.19,9503800,BRL,PETR3
2017-02-13,16.34,16.59,16.29,16.4,8043800,BRL,PETR3
2017-02-14,16.46,16.84,16.42,16.65,10816300,BRL,PETR3
2017-02-15,16.81,16.88,16.57,16.7,12253600,BRL,PETR3
2017-02-16,16.73,16.89,16.65,16.81,9962800,BRL,PETR3
2017-02-17,16.67,16.82,16.53,16.56,5547600,BRL,PETR3
2017-02-20,16.65,17.04,16.62,16.92,2138200,BRL,PETR3
2017-02-21,17.11,17.26,16.87,16.99,9437100,BRL,PETR3
2017-02-22,16.96,16.96,16.32,16.44,8723300,BRL,PETR3
2017-02-23,16.7,16.82,16.14,16.32,8718500,BRL,PETR3
2017-02-24,16.12,16.19,15.75,15.81,8976700,BRL,PETR3
2017-03-01,16.21,16.41,16.14,16.27,6731600,BRL,PETR3
2017-03-02,16.28,16.28,15.63,15.7,10399800,BRL,PETR3
2017-03-03,15.84,15.9,15.65,15.8,5551400,BRL,PETR3
2017-03-06,15.72,15.95,15.59,15.73,5906400,BRL,PETR3
2017-03-07,15.74,16.02,15.69,15.73,6756600,BRL,PETR3
2017-03-08,15.8,15.8,14.74,14.76,12830400,BRL,PETR3
2017-03-09,14.6,14.78,14.29,14.67,9841900,BRL,PETR3
2017-03-10,14.9,15.08,14.49,14.65,10410900,BRL,PETR3
2017-03-13,14.76,14.82,14.52,14.79,5645200,BRL,PETR3
2017-03-14,14.59,14.64,13.96,14.23,8934600,BRL,PETR3
2017-03-15,14.45,14.62,14.14,14.61,15977100,BRL,PETR3
2017-03-16,14.62,14.71,14.15,14.24,6900000,BRL,PETR3
2017-03-17,14.4,14.42,13.59,13.72,41608200,BRL,PETR3
2017-03-20,13.52,14.1,13.52,14.04,9592600,BRL,PETR3
2017-03-21,14.08,14.08,13.35,13.57,10702000,BRL,PETR3
2017-03-22,13.68,14.13,13.62,14.01,14354600,BRL,PETR3
2017-03-23,13.92,14.3,13.83,14.0,10476900,BRL,PETR3
2017-03-24,14.18,14.25,13.86,14.03,10113400,BRL,PETR3
2017-03-27,13.88,14.3,13.56,14.29,5961100,BRL,PETR3
2017-03-28,14.33,14.55,14.27,14.54,12524500,BRL,PETR3
2017-03-29,14.51,15.04,14.48,15.01,7574100,BRL,PETR3
2017-03-30,15.13,15.13,14.85,14.95,6149100,BRL,PETR3
2017-03-31,14.93,15.19,14.83,15.0,5522700,BRL,PETR3
2017-04-03,15.01,15.22,14.97,15.17,6572500,BRL,PETR3
2017-04-04,15.1,15.35,14.98,15.28,4437300,BRL,PETR3
2017-04-05,15.46,15.6,15.02,15.18,11453500,BRL,PETR3
2017-04-06,15.1,15.4,14.9,15.13,8162000,BRL,PETR3
2017-04-07,15.23,15.37,15.09,15.22,6675900,BRL,PETR3
2017-04-10,15.35,15.5,15.21,15.48,8992000,BRL,PETR3
2017-04-11,15.5,15.52,14.95,15.1,9503400,BRL,PETR3
2017-04-12,15.05,15.24,14.99,15.04,11307400,BRL,PETR3
2017-04-13,14.95,15.04,14.37,14.37,5362900,BRL,PETR3
2017-04-17,14.5,14.51,14.18,14.51,8110800,BRL,PETR3
2017-04-18,14.44,14.57,14.21,14.32,7723200,BRL,PETR3
2017-04-19,14.44,14.49,13.82,13.91,7961600,BRL,PETR3
2017-04-20,14.11,14.26,13.94,14.13,7304200,BRL,PETR3
2017-04-24,14.38,14.43,14.11,14.25,4874200,BRL,PETR3
2017-04-25,14.19,14.57,14.04,14.54,6912200,BRL,PETR3
2017-04-26,14.39,14.82,14.28,14.28,8003200,BRL,PETR3
2017-04-27,14.31,14.43,13.85,14.06,5193100,BRL,PETR3
2017-04-28,14.05,14.5,14.01,14.22,5370200,BRL,PETR3
2017-05-02,14.25,14.56,14.09,14.22,9313300,BRL,PETR3
2017-05-03,14.3,14.47,14.14,14.31,10332900,BRL,PETR3
2017-05-04,14.16,14.31,13.88,13.92,14712100,BRL,PETR3
2017-05-05,13.95,14.67,13.95,14.67,9492400,BRL,PETR3
2017-05-08,14.57,14.9,14.48,14.58,6763300,BRL,PETR3
2017-05-09,14.7,14.81,14.47,14.74,6338000,BRL,PETR3
2017-05-10,14.91,15.35,14.86,15.2,7238600,BRL,PETR3
2017-05-11,15.28,15.38,15.1,15.17,4420300,BRL,PETR3
2017-05-12,15.94,16.0,15.59,15.78,14929000,BRL,PETR3
2017-05-15,16.05,16.2,15.98,16.03,7548100,BRL,PETR3
2017-05-16,16.18,16.18,15.8,16.03,7960900,BRL,PETR3
2017-05-17,15.94,16.11,15.85,15.94,5596700,BRL,PETR3
2017-05-18,12.78,14.73,12.78,14.13,54481900,BRL,PETR3
2017-05-19,14.57,14.81,14.27,14.27,19230100,BRL,PETR3
2017-05-22,14.12,14.31,13.89,14.17,14120100,BRL,PETR3
2017-05-23,14.15,14.35,14.1,14.28,6733600,BRL,PETR3
2017-05-24,14.49,14.84,14.34,14.67,10393600,BRL,PETR3
2017-05-25,14.66,15.02,14.31,14.32,6894400,BRL,PETR3
2017-05-26,14.06,14.53,14.04,14.41,9358200,BRL,PETR3
2017-05-29,14.55,14.55,14.22,14.22,3285700,BRL,PETR3
2017-05-30,14.24,14.35,14.01,14.03,5657100,BRL,PETR3
2017-05-31,13.98,14.02,13.49,13.49,16386000,BRL,PETR3
2017-06-01,13.7,13.87,13.41,13.41,11493300,BRL,PETR3
2017-06-02,13.41,13.66,13.32,13.61,4364300,BRL,PETR3
2017-06-05,13.43,13.82,13.43,13.8,4151900,BRL,PETR3
2017-06-06,13.79,13.89,13.57,13.81,10795600,BRL,PETR3
2017-06-07,13.92,13.97,13.48,13.5,7586200,BRL,PETR3
2017-06-08,13.5,13.69,13.38,13.52,9689400,BRL,PETR3
2017-06-09,13.55,13.78,13.52,13.6,6981100,BRL,PETR3
2017-06-12,13.72,13.75,13.47,13.6,9064700,BRL,PETR3
2017-06-13,13.65,13.73,13.47,13.69,3999100,BRL,PETR3
2017-06-14,13.68,13.8,13.3,13.36,13771500,BRL,PETR3
2017-06-16,13.28,13.37,12.96,13.31,30845000,BRL,PETR3
2017-06-19,13.27,13.34,13.12,13.16,7961000,BRL,PETR3
2017-06-20,12.99,13.05,12.64,12.84,11393900,BRL,PETR3
2017-06-21,12.83,13.07,12.48,12.61,5989500,BRL,PETR3
2017-06-22,12.76,12.9,12.65,12.88,7981500,BRL,PETR3
2017-06-23,12.93,12.95,12.64,12.72,8224800,BRL,PETR3
2017-06-26,12.91,13.03,12.81,12.92,5758700,BRL,PETR3
2017-06-27,13.01,13.19,12.75,12.82,5773900,BRL,PETR3
2017-06-28,12.84,12.92,12.58,12.71,5385700,BRL,PETR3
2017-06-29,12.88,12.96,12.74,12.84,3958300,BRL,PETR3
2017-06-30,12.94,13.13,12.82,13.03,4793500,BRL,PETR3
2017-07-03,13.08,13.19,12.9,13.11,4407600,BRL,PETR3
2017-07-04,13.15,13.18,13.07,13.15,1348000,BRL,PETR3
2017-07-05,13.05,13.2,12.84,12.89,6765700,BRL,PETR3
2017-07-06,12.99,13.05,12.65,12.76,7859600,BRL,PETR3
2017-07-07,12.74,12.77,12.37,12.51,7563400,BRL,PETR3
2017-07-10,12.47,12.59,12.31,12.53,4655900,BRL,PETR3
2017-07-11,12.57,13.04,12.45,12.9,6623400,BRL,PETR3
2017-07-12,13.22,13.44,13.03,13.4,15223100,BRL,PETR3
2017-07-13,13.42,13.52,13.24,13.37,5400000,BRL,PETR3
2017-07-14,13.39,13.49,13.31,13.44,4475200,BRL,PETR3
2017-07-17,13.4,13.46,13.23,13.27,3881400,BRL,PETR3
2017-07-18,13.36,13.42,13.22,13.42,9048400,BRL,PETR3
2017-07-19,13.5,13.66,13.4,13.66,6764300,BRL,PETR3
2017-07-20,13.71,13.76,13.4,13.45,4995300,BRL,PETR3
2017-07-21,13.41,13.41,13.09,13.12,3709200,BRL,PETR3
2017-07-24,13.23,13.39,13.2,13.25,4316200,BRL,PETR3
2017-07-25,13.37,13.65,13.27,13.59,5228500,BRL,PETR3
2017-07-26,13.64,13.66,13.35,13.36,4456900,BRL,PETR3
2017-07-27,13.47,13.52,13.33,13.43,4013100,BRL,PETR3
2017-07-28,13.37,13.55,13.32,13.46,4506800,BRL,PETR3
2017-07-31,13.54,13.65,13.38,13.62,8506600,BRL,PETR3
2017-08-01,13.54,13.63,13.38,13.5,4911900,BRL,PETR3
2017-08-02,13.53,14.0,13.48,13.85,7751600,BRL,PETR3
2017-08-03,13.92,13.99,13.61,13.64,4932400,BRL,PETR3
2017-08-04,13.72,13.76,13.55,13.72,4129200,BRL,PETR3
2017-08-07,13.63,13.87,13.63,13.84,6305200,BRL,PETR3
2017-08-08,13.82,14.0,13.72,13.72,6302600,BRL,PETR3
2017-08-09,13.72,13.83,13.62,13.79,4223400,BRL,PETR3
2017-08-10,13.8,13.91,13.37,13.44,5210900,BRL,PETR3
2017-08-11,13.37,13.45,13.19,13.33,6857800,BRL,PETR3
2017-08-14,13.32,13.56,13.22,13.42,5917300,BRL,PETR3
2017-08-15,13.43,13.6,13.37,13.44,5512600,BRL,PETR3
2017-08-16,13.5,13.68,13.39,13.4,8913500,BRL,PETR3
2017-08-17,13.4,13.61,13.35,13.42,4862800,BRL,PETR3
2017-08-18,13.5,13.89,13.44,13.86,9108500,BRL,PETR3
2017-08-21,13.92,13.92,13.57,13.62,6221800,BRL,PETR3
2017-08-22,13.96,14.17,13.89,14.12,9750700,BRL,PETR3
2017-08-23,14.21,14.24,13.92,14.13,5436800,BRL,PETR3
2017-08-24,14.19,14.27,14.08,14.21,4284800,BRL,PETR3
2017-08-25,14.23,14.39,14.23,14.29,3045000,BRL,PETR3
2017-08-28,14.41,14.44,14.09,14.21,7744100,BRL,PETR3
2017-08-29,14.14,14.17,14.02,14.11,10243100,BRL,PETR3
2017-08-30,14.07,14.15,13.67,13.7,13053000,BRL,PETR3
2017-08-31,13.82,14.01,13.68,13.79,35882700,BRL,PETR3
2017-09-01,14.0,14.53,13.96,14.41,17256200,BRL,PETR3
2017-09-04,14.4,14.53,14.31,14.53,3091100,BRL,PETR3
2017-09-05,14.81,14.95,14.54,14.66,10821000,BRL,PETR3
2017-09-06,14.95,15.37,14.84,15.3,12064500,BRL,PETR3
2017-09-08,15.41,15.56,14.9,14.99,7183500,BRL,PETR3
2017-09-11,15.18,15.35,15.06,15.32,7454100,BRL,PETR3
2017-09-12,15.31,15.49,15.2,15.2,5000600,BRL,PETR3
2017-09-13,15.28,15.54,15.18,15.47,7006000,BRL,PETR3
2017-09-14,15.4,15.73,15.38,15.45,5377800,BRL,PETR3
2017-09-15,15.5,15.65,15.34,15.38,18382900,BRL,PETR3
2017-09-18,15.42,15.63,15.33,15.52,5484400,BRL,PETR3
2017-09-19,15.54,15.62,15.37,15.57,4550600,BRL,PETR3
2017-09-20,15.64,16.17,15.45,16.17,11316900,BRL,PETR3
2017-09-21,16.11,16.22,15.84,15.97,8216800,BRL,PETR3
2017-09-22,15.89,16.1,15.63,15.99,4738400,BRL,PETR3
2017-09-25,16.08,16.23,15.96,16.11,6283100,BRL,PETR3
2017-09-26,16.12,16.23,15.93,15.93,11184500,BRL,PETR3
2017-09-27,16.06,16.09,15.52,15.67,8610100,BRL,PETR3
2017-09-28,15.78,15.92,15.55,15.7,6315200,BRL,PETR3
2017-09-29,15.86,15.88,15.6,15.6,5440000,BRL,PETR3
2017-10-02,15.56,15.69,15.42,15.69,5360600,BRL,PETR3
2017-10-03,15.89,16.44,15.83,16.42,12948900,BRL,PETR3
2017-10-04,16.28,16.4,16.03,16.1,8714100,BRL,PETR3
2017-10-05,16.27,16.57,16.23,16.35,8763600,BRL,PETR3
2017-10-06,16.14,16.19,15.96,16.16,7019100,BRL,PETR3
2017-10-09,16.05,16.26,15.99,16.26,3505100,BRL,PETR3
2017-10-10,16.46,16.54,16.32,16.5,6137700,BRL,PETR3
2017-10-11,16.53,16.56,16.31,16.42,5837000,BRL,PETR3
2017-10-13,16.48,16.63,16.32,16.36,10292500,BRL,PETR3
2017-10-16,16.38,16.59,16.31,16.42,5418400,BRL,PETR3
2017-10-17,16.44,16.49,16.26,16.39,4527100,BRL,PETR3
2017-10-18,16.45,16.53,16.34,16.39,6516900,BRL,PETR3
2017-10-19,16.28,16.33,16.13,16.28,4941400,BRL,PETR3
2017-10-20,16.33,16.48,16.32,16.33,5061000,BRL,PETR3
2017-10-23,16.41,16.41,16.26,16.28,5471700,BRL,PETR3
2017-10-24,16.28,16.67,16.28,16.63,8450900,BRL,PETR3
2017-10-25,16.64,16.83,16.56,16.8,8929600,BRL,PETR3
2017-10-26,16.8,17.0,16.75,16.88,6116300,BRL,PETR3
2017-10-27,16.9,17.38,16.8,17.17,7860900,BRL,PETR3
2017-10-30,17.03,17.4,16.94,17.12,14336400,BRL,PETR3
2017-10-31,17.19,17.32,17.05,17.19,7163100,BRL,PETR3
2017-11-01,17.43,17.55,17.31,17.31,9374200,BRL,PETR3
2017-11-03,17.43,17.57,17.19,17.48,8713400,BRL,PETR3
2017-11-06,17.57,17.9,17.47,17.86,7585900,BRL,PETR3
2017-11-07,17.75,17.82,17.03,17.04,14368300,BRL,PETR3
2017-11-08,17.08,17.51,17.04,17.51,8413500,BRL,PETR3
2017-11-09,17.34,17.55,17.27,17.27,6174700,BRL,PETR3
2017-11-10,17.23,17.38,17.09,17.3,5812300,BRL,PETR3
2017-11-13,17.3,17.38,17.04,17.25,7117400,BRL,PETR3
2017-11-14,17.05,17.11,15.79,15.84,17832300,BRL,PETR3
2017-11-16,16.08,16.3,15.84,16.14,9141600,BRL,PETR3
2017-11-17,16.26,16.41,16.08,16.3,4917300,BRL,PETR3
2017-11-21,16.4,16.61,16.08,16.15,8117300,BRL,PETR3
2017-11-22,16.24,16.52,16.19,16.28,7984500,BRL,PETR3
2017-11-23,16.28,16.44,16.14,16.42,1826100,BRL,PETR3
2017-11-24,16.52,16.54,16.26,16.33,3473900,BRL,PETR3
2017-11-27,16.19,16.28,15.99,16.11,4618300,BRL,PETR3
2017-11-28,16.13,16.28,16.06,16.07,6567000,BRL,PETR3
2017-11-29,16.07,16.23,15.59,15.7,11070700,BRL,PETR3
2017-11-30,15.69,15.85,15.44,15.74,20700400,BRL,PETR3
2017-12-01,15.73,16.1,15.62,15.9,5903600,BRL,PETR3
2017-12-04,15.91,16.22,15.7,15.88,9104900,BRL,PETR3
2017-12-05,15.84,16.22,15.61,15.71,7054300,BRL,PETR3
2017-12-06,15.69,16.02,15.52,15.79,8097500,BRL,PETR3
2017-12-07,15.6,15.9,15.3,15.65,10844500,BRL,PETR3
2017-12-08,15.93,16.07,15.68,15.68,7945000,BRL,PETR3
2017-12-11,15.74,15.89,15.73,15.76,4930700,BRL,PETR3
2017-12-12,15.77,15.98,15.62,15.98,8759900,BRL,PETR3
2017-12-13,16.17,16.27,15.62,15.73,15472400,BRL,PETR3
2017-12-14,15.64,15.87,15.49,15.6,9545800,BRL,PETR3
2017-12-15,15.6,15.85,15.36,15.36,17398800,BRL,PETR3
2017-12-18,15.57,15.82,15.52,15.63,12158900,BRL,PETR3
2017-12-19,15.61,15.64,15.43,15.55,8028400,BRL,PETR3
2017-12-20,15.59,15.79,15.56,15.75,3848600,BRL,PETR3
2017-12-21,15.79,16.43,15.78,16.43,5998700,BRL,PETR3
2017-12-22,16.41,16.52,16.23,16.37,3666900,BRL,PETR3
2017-12-26,16.28,16.56,16.28,16.48,4180900,BRL,PETR3
2017-12-27,16.58,16.76,16.51,16.54,4113900,BRL,PETR3
2017-12-28,16.54,16.71,16.54,16.69,4767200,BRL,PETR3
2017-01-02,15.39,15.69,15.31,15.36,4265400,BRL,ABEV3
2017-01-03,15.54,15.7,15.48,15.67,9535500,BRL,ABEV3
2017-01-04,15.69,15.69,15.47,15.55,9426500,BRL,ABEV3
2017-01-05,15.56,15.78,15.52,15.63,11555800,BRL,ABEV3
2017-01-06,15.63,15.67,15.41,15.5,7863200,BRL,ABEV3
2017-01-09,15.5,15.77,15.42,15.57,8753100,BRL,ABEV3
2017-01-10,15.65,15.7,15.36,15.39,7887800,BRL,ABEV3
2017-01-11,15.48,15.53,15.23,15.46,9694800,BRL,ABEV3
2017-01-12,15.64,16.03,15.59,15.95,18340400,BRL,ABEV3
2017-01-13,16.1,16.13,15.79,16.11,10099300,BRL,ABEV3
2017-01-16,16.14,16.2,15.92,16.06,8201000,BRL,ABEV3
2017-01-17,15.99,16.2,15.82,16.2,18257800,BRL,ABEV3
2017-01-18,16.22,16.52,16.06,16.26,18812200,BRL,ABEV3
2017-01-19,16.27,16.48,16.15,16.29,10832000,BRL,ABEV3
2017-01-20,16.48,16.48,16.17,16.34,9858700,BRL,ABEV3
2017-01-23,16.3,16.39,16.17,16.33,6555000,BRL,ABEV3
2017-01-24,16.34,16.5,16.2,16.36,11136000,BRL,ABEV3
2017-01-26,16.42,16.52,16.36,16.37,7789000,BRL,ABEV3
2017-01-27,16.36,16.44,16.09,16.38,13214700,BRL,ABEV3
2017-01-30,16.3,16.38,15.97,16.05,6124600,BRL,ABEV3
2017-01-31,16.01,16.31,15.99,16.27,7057100,BRL,ABEV3
2017-02-01,16.33,16.48,16.29,16.38,10992500,BRL,ABEV3
2017-02-02,16.3,16.4,16.18,16.23,6398900,BRL,ABEV3
2017-02-03,16.14,16.45,16.02,16.41,13562500,BRL,ABEV3
2017-02-06,16.44,16.44,16.1,16.14,6596100,BRL,ABEV3
2017-02-07,16.17,16.32,16.09,16.09,9300200,BRL,ABEV3
2017-02-08,16.1,16.17,15.9,16.04,13096700,BRL,ABEV3
2017-02-09,16.07,16.15,15.92,15.97,11002200,BRL,ABEV3
2017-02-10,15.97,16.29,15.88,16.21,12688200,BRL,ABEV3
2017-02-13,16.27,16.43,16.13,16.31,9005500,BRL,ABEV3
2017-02-14,16.34,16.58,16.29,16.44,10668300,BRL,ABEV3
2017-02-15,16.55,17.1,16.51,17.04,18161900,BRL,ABEV3
2017-02-16,16.92,17.08,16.88,16.99,12169400,BRL,ABEV3
2017-02-17,16.97,17.03,16.83,16.93,7025800,BRL,ABEV3
2017-02-20,17.0,17.03,16.81,16.87,3507600,BRL,ABEV3
2017-02-21,16.96,17.12,16.88,17.09,8323600,BRL,ABEV3
2017-02-22,17.14,17.4,17.13,17.29,11232800,BRL,ABEV3
2017-02-23,17.31,17.58,17.13,17.14,10925500,BRL,ABEV3
2017-02-24,17.02,17.11,16.82,16.87,12946300,BRL,ABEV3
2017-03-01,17.01,17.17,16.85,16.94,8762400,BRL,ABEV3
2017-03-02,16.36,16.52,16.22,16.27,19515700,BRL,ABEV3
2017-03-03,16.33,16.49,16.15,16.44,12016300,BRL,ABEV3
2017-03-06,16.4,16.44,16.09,16.31,11989900,BRL,ABEV3
2017-03-07,16.27,16.28,15.91,15.91,17651100,BRL,ABEV3
2017-03-08,15.92,16.29,15.84,16.19,21297600,BRL,ABEV3
2017-03-09,16.17,16.44,16.13,16.36,13084700,BRL,ABEV3
2017-03-10,16.41,16.52,16.31,16.36,12386500,BRL,ABEV3
2017-03-13,16.41,16.54,16.36,16.42,6253300,BRL,ABEV3
2017-03-14,16.37,16.46,16.17,16.17,7289600,BRL,ABEV3
2017-03-15,16.09,16.4,16.09,16.36,12782500,BRL,ABEV3
2017-03-16,16.37,16.44,16.2,16.34,5854400,BRL,ABEV3
2017-03-17,16.4,16.51,16.17,16.27,17096100,BRL,ABEV3
2017-03-20,16.41,16.81,16.19,16.68,14222500,BRL,ABEV3
2017-03-21,16.74,16.74,16.44,16.47,10136300,BRL,ABEV3
2017-03-22,16.43,16.52,16.22,16.37,8523800,BRL,ABEV3
2017-03-23,16.26,16.63,16.2,16.49,9142200,BRL,ABEV3
2017-03-24,16.48,16.67,16.47,16.67,7800000,BRL,ABEV3
2017-03-27,16.58,16.86,16.55,16.82,8715600,BRL,ABEV3
2017-03-28,16.79,16.96,16.73,16.96,9857400,BRL,ABEV3
2017-03-29,16.96,17.19,16.91,17.19,9497400,BRL,ABEV3
2017-03-30,17.18,17.33,17.09,17.28,9164200,BRL,ABEV3
2017-03-31,17.23,17.37,17.18,17.25,12278800,BRL,ABEV3
2017-04-03,17.21,17.25,17.02,17.02,13484000,BRL,ABEV3
2017-04-04,17.03,17.13,16.91,17.13,5529700,BRL,ABEV3
2017-04-05,17.1,17.19,16.84,16.91,8660600,BRL,ABEV3
2017-04-06,16.91,17.07,16.8,17.0,9728000,BRL,ABEV3
2017-04-07,17.02,17.14,16.95,17.07,8061200,BRL,ABEV3
2017-04-10,17.12,17.15,16.94,17.02,15470600,BRL,ABEV3
2017-04-11,17.02,17.08,16.45,16.66,24847000,BRL,ABEV3
2017-04-12,16.69,16.85,16.61,16.71,19694500,BRL,ABEV3
2017-04-13,16.62,16.94,16.55,16.79,14976200,BRL,ABEV3
2017-04-17,16.83,17.15,16.76,17.08,11642200,BRL,ABEV3
2017-04-18,17.03,17.25,17.03,17.17,11845300,BRL,ABEV3
2017-04-19,17.18,17.2,17.01,17.12,24666600,BRL,ABEV3
2017-04-20,17.01,17.2,16.95,17.0,11178400,BRL,ABEV3
2017-04-24,17.16,17.19,16.98,17.05,9172300,BRL,ABEV3
2017-04-25,17.05,17.4,16.99,17.32,12046800,BRL,ABEV3
2017-04-26,17.31,17.31,17.12,17.22,7981900,BRL,ABEV3
2017-04-27,17.23,17.25,17.03,17.21,12839100,BRL,ABEV3
2017-04-28,17.21,17.4,17.14,17.27,10386300,BRL,ABEV3
2017-05-02,17.37,17.62,17.28,17.56,11281800,BRL,ABEV3
2017-05-03,17.56,17.62,17.34,17.55,9621900,BRL,ABEV3
2017-05-04,17.59,18.18,17.47,18.0,35518900,BRL,ABEV3
2017-05-05,17.91,18.0,17.83,17.87,8515300,BRL,ABEV3
2017-05-08,17.82,17.9,17.75,17.86,9406400,BRL,ABEV3
2017-05-09,17.91,18.02,17.78,17.92,11318700,BRL,ABEV3
2017-05-10,17.97,18.2,17.91,18.15,11327700,BRL,ABEV3
2017-05-11,18.11,18.52,18.08,18.47,22815200,BRL,ABEV3
2017-05-12,18.51,18.71,18.42,18.62,10653400,BRL,ABEV3
2017-05-15,18.63,18.77,18.42,18.67,10806300,BRL,ABEV3
2017-05-16,18.61,18.78,18.54,18.74,13410700,BRL,ABEV3
2017-05-17,18.6,18.84,18.45,18.57,12201000,BRL,ABEV3
2017-05-18,17.26,18.17,17.07,17.78,47040600,BRL,ABEV3
2017-05-19,17.66,17.96,17.4,17.61,27392000,BRL,ABEV3
2017-05-22,17.44,17.81,17.44,17.56,25818900,BRL,ABEV3
2017-05-23,17.56,17.95,17.56,17.86,16456700,BRL,ABEV3
2017-05-24,18.04,18.1,17.82,17.83,10182300,BRL,ABEV3
2017-05-25,17.93,18.01,17.75,17.89,8840600,BRL,ABEV3
2017-05-26,17.97,18.04,17.81,18.0,11818800,BRL,ABEV3
2017-05-29,17.96,17.96,17.78,17.85,4544200,BRL,ABEV3
2017-05-30,17.88,17.91,17.77,17.77,9426700,BRL,ABEV3
2017-05-31,17.79,17.85,17.61,17.69,14473800,BRL,ABEV3
2017-06-01,17.7,17.81,17.52,17.54,17818500,BRL,ABEV3
2017-06-02,17.6,17.74,17.31,17.56,27924500,BRL,ABEV3
2017-06-05,17.51,17.95,17.49,17.88,16492100,BRL,ABEV3
2017-06-06,17.84,18.14,17.83,18.03,15888200,BRL,ABEV3
2017-06-07,18.11,18.17,17.72,17.82,12360300,BRL,ABEV3
2017-06-08,17.71,17.77,17.52,17.52,13753000,BRL,ABEV3
2017-06-09,17.61,17.66,17.0,17.13,19881100,BRL,ABEV3
2017-06-12,17.08,17.21,16.96,17.1,14437400,BRL,ABEV3
2017-06-13,17.13,17.42,17.13,17.39,13078100,BRL,ABEV3
2017-06-14,17.36,17.49,17.02,17.19,25725900,BRL,ABEV3
2017-06-16,17.23,17.23,16.78,16.81,45422100,BRL,ABEV3
2017-06-19,16.87,17.01,16.7,16.9,18886900,BRL,ABEV3
2017-06-20,16.92,17.28,16.84,17.09,22672600,BRL,ABEV3
2017-06-21,17.1,17.28,17.01,17.14,11812300,BRL,ABEV3
2017-06-22,17.17,17.32,17.12,17.21,7718100,BRL,ABEV3
2017-06-23,17.31,17.31,17.13,17.25,4615600,BRL,ABEV3
2017-06-26,17.39,17.54,17.33,17.43,7484500,BRL,ABEV3
2017-06-27,17.43,17.52,17.23,17.45,23283300,BRL,ABEV3
2017-06-28,17.53,17.56,17.31,17.46,8750600,BRL,ABEV3
2017-06-29,17.46,17.52,17.27,17.41,6238700,BRL,ABEV3
2017-06-30,17.43,17.57,17.41,17.47,6950500,BRL,ABEV3
2017-07-03,17.52,17.59,17.36,17.44,5340400,BRL,ABEV3
2017-07-04,17.35,17.47,17.35,17.4,2678500,BRL,ABEV3
2017-07-05,17.38,17.53,17.3,17.38,9158400,BRL,ABEV3
2017-07-06,17.38,17.4,16.91,16.96,19264900,BRL,ABEV3
2017-07-07,17.05,17.32,17.01,17.19,14316800,BRL,ABEV3
2017-07-10,17.22,17.53,17.17,17.47,10139600,BRL,ABEV3
2017-07-11,17.47,17.77,17.38,17.67,10149400,BRL,ABEV3
2017-07-12,17.74,17.91,17.63,17.79,13149700,BRL,ABEV3
2017-07-13,17.88,17.9,17.7,17.82,6499700,BRL,ABEV3
2017-07-14,17.83,17.96,17.8,17.89,5512500,BRL,ABEV3
2017-07-17,17.94,18.05,17.85,17.97,10140000,BRL,ABEV3
2017-07-18,18.01,18.01,17.79,17.89,6018300,BRL,ABEV3
2017-07-19,18.01,18.01,17.8,17.95,10708700,BRL,ABEV3
2017-07-20,17.9,18.02,17.85,17.92,7840500,BRL,ABEV3
2017-07-21,17.87,17.98,17.8,17.95,3771200,BRL,ABEV3
2017-07-24,17.95,18.05,17.9,17.95,4274100,BRL,ABEV3
2017-07-25,18.01,18.12,17.97,18.01,13661100,BRL,ABEV3
2017-07-26,17.98,18.08,17.89,17.96,6309800,BRL,ABEV3
2017-07-27,18.01,18.52,18.01,18.23,19341000,BRL,ABEV3
2017-07-28,18.09,18.34,18.05,18.22,10982300,BRL,ABEV3
2017-07-31,18.21,18.48,18.19,18.27,15199400,BRL,ABEV3
2017-08-01,18.28,18.41,18.21,18.36,8838500,BRL,ABEV3
2017-08-02,18.29,18.54,18.26,18.51,14949700,BRL,ABEV3
2017-08-03,18.48,18.51,18.35,18.37,9882500,BRL,ABEV3
2017-08-04,18.39,18.42,18.22,18.37,8043300,BRL,ABEV3
2017-08-07,18.36,18.54,18.28,18.46,11320500,BRL,ABEV3
2017-08-08,18.42,18.66,18.4,18.5,9740800,BRL,ABEV3
2017-08-09,18.4,18.56,18.34,18.53,4728400,BRL,ABEV3
2017-08-10,18.48,18.56,18.34,18.51,10287400,BRL,ABEV3
2017-08-11,18.64,18.68,18.52,18.62,11266900,BRL,ABEV3
2017-08-14,18.6,18.92,18.57,18.8,14945200,BRL,ABEV3
2017-08-15,18.85,18.98,18.78,18.87,11560000,BRL,ABEV3
2017-08-16,18.95,18.99,18.79,18.9,14764200,BRL,ABEV3
2017-08-17,18.84,18.94,18.78,18.88,5661600,BRL,ABEV3
2017-08-18,18.91,18.92,18.75,18.85,13206900,BRL,ABEV3
2017-08-21,18.85,18.9,18.78,18.83,13162600,BRL,ABEV3
2017-08-22,18.94,19.05,18.73,18.84,17538400,BRL,ABEV3
2017-08-23,18.78,18.98,18.72,18.93,8845400,BRL,ABEV3
2017-08-24,18.96,18.99,18.83,18.89,13720400,BRL,ABEV3
2017-08-25,18.86,18.98,18.86,18.94,6387200,BRL,ABEV3
2017-08-28,18.94,18.98,18.84,18.94,4156900,BRL,ABEV3
2017-08-29,18.9,19.0,18.89,18.98,4550100,BRL,ABEV3
2017-08-30,19.04,19.08,18.83,18.97,8509900,BRL,ABEV3
2017-08-31,18.86,18.99,18.86,18.95,11165000,BRL,ABEV3
2017-09-01,19.01,19.04,18.85,18.85,17630300,BRL,ABEV3
2017-09-04,18.85,18.9,18.7,18.82,12123900,BRL,ABEV3
2017-09-05,18.98,19.02,18.8,18.91,18170100,BRL,ABEV3
2017-09-06,19.01,19.34,18.98,19.2,20040800,BRL,ABEV3
2017-09-08,19.41,19.43,18.98,19.18,14543800,BRL,ABEV3
2017-09-11,19.23,19.46,19.2,19.33,11085800,BRL,ABEV3
2017-09-12,19.45,20.23,19.4,20.04,28351200,BRL,ABEV3
2017-09-13,20.03,20.34,19.97,20.21,11032800,BRL,ABEV3
2017-09-14,20.21,20.38,20.07,20.22,8039300,BRL,ABEV3
2017-09-15,20.35,20.47,20.12,20.47,26105000,BRL,ABEV3
2017-09-18,20.44,20.48,20.15,20.23,13900100,BRL,ABEV3
2017-09-19,20.23,20.49,20.2,20.42,9965400,BRL,ABEV3
2017-09-20,20.38,20.49,20.23,20.49,17034200,BRL,ABEV3
2017-09-21,20.51,20.7,20.29,20.38,8963000,BRL,ABEV3
2017-09-22,20.4,20.63,20.38,20.53,12357300,BRL,ABEV3
2017-09-25,20.53,20.59,20.38,20.51,8263900,BRL,ABEV3
2017-09-26,20.61,20.61,20.14,20.21,24363100,BRL,ABEV3
2017-09-27,20.29,20.3,19.87,20.13,13290500,BRL,ABEV3
2017-09-28,20.21,20.23,20.06,20.09,10410000,BRL,ABEV3
2017-09-29,20.15,20.22,19.87,20.07,12737700,BRL,ABEV3
2017-10-02,19.96,19.96,19.54,19.75,17597200,BRL,ABEV3
2017-10-03,19.73,20.52,19.64,20.44,19708200,BRL,ABEV3
2017-10-04,20.39,20.51,20.11,20.23,13237400,BRL,ABEV3
2017-10-05,20.37,20.56,20.22,20.25,17153500,BRL,ABEV3
2017-10-06,20.14,20.16,19.93,20.1,7561700,BRL,ABEV3
2017-10-09,20.0,20.23,19.91,20.1,5230800,BRL,ABEV3
2017-10-10,20.33,20.83,20.23,20.57,32792500,BRL,ABEV3
2017-10-11,20.62,20.74,20.44,20.64,25590300,BRL,ABEV3
2017-10-13,20.85,21.66,20.81,21.11,26211100,BRL,ABEV3
2017-10-16,21.23,21.23,20.76,20.91,13271300,BRL,ABEV3
2017-10-17,20.91,20.98,20.64,20.75,7051900,BRL,ABEV3
2017-10-18,20.8,20.93,20.68,20.78,14515700,BRL,ABEV3
2017-10-19,20.7,20.85,20.47,20.83,7696100,BRL,ABEV3
2017-10-20,20.83,20.9,20.47,20.54,11901300,BRL,ABEV3
2017-10-23,20.65,20.65,20.21,20.32,8081700,BRL,ABEV3
2017-10-24,20.45,20.45,20.26,20.34,11173800,BRL,ABEV3
2017-10-25,20.42,20.46,19.86,20.22,15875200,BRL,ABEV3
2017-10-26,20.3,20.32,19.89,20.07,11557100,BRL,ABEV3
2017-10-27,20.19,20.35,19.93,19.95,14504400,BRL,ABEV3
2017-10-30,19.91,20.02,19.7,20.0,17553000,BRL,ABEV3
2017-10-31,20.08,20.2,19.79,19.94,14383100,BRL,ABEV3
2017-11-01,20.03,20.24,19.79,19.79,16742000,BRL,ABEV3
2017-11-03,19.79,19.82,19.49,19.65,20765200,BRL,ABEV3
2017-11-06,19.7,19.79,19.45,19.6,12867100,BRL,ABEV3
2017-11-07,19.49,19.59,19.18,19.27,17643000,BRL,ABEV3
2017-11-08,19.22,19.47,18.95,19.34,19153700,BRL,ABEV3
2017-11-09,19.4,19.43,19.15,19.29,12872400,BRL,ABEV3
2017-11-10,19.39,19.43,19.03,19.28,15202100,BRL,ABEV3
2017-11-13,19.27,19.4,19.07,19.29,9161800,BRL,ABEV3
2017-11-14,19.34,19.45,19.27,19.27,14925800,BRL,ABEV3
2017-11-16,19.29,19.64,19.26,19.48,15850600,BRL,ABEV3
2017-11-17,19.45,19.73,19.37,19.6,9254300,BRL,ABEV3
2017-11-21,19.73,19.99,19.57,19.85,13285900,BRL,ABEV3
2017-11-22,19.76,20.06,19.75,19.87,16883600,BRL,ABEV3
2017-11-23,19.8,19.89,19.57,19.76,5661300,BRL,ABEV3
2017-11-24,19.71,19.79,19.58,19.67,4749100,BRL,ABEV3
2017-11-27,19.65,19.82,19.42,19.79,8687300,BRL,ABEV3
2017-11-28,19.82,20.02,19.69,19.82,15988200,BRL,ABEV3
2017-11-29,20.0,20.0,19.57,19.61,15064800,BRL,ABEV3
2017-11-30,19.56,19.76,19.41,19.61,24640800,BRL,ABEV3
2017-12-01,19.51,19.58,19.37,19.51,7933800,BRL,ABEV3
2017-12-04,19.55,19.79,19.46,19.63,11058600,BRL,ABEV3
2017-12-05,19.57,19.94,19.54,19.61,15592800,BRL,ABEV3
2017-12-06,19.47,19.84,19.47,19.76,8274000,BRL,ABEV3
2017-12-07,19.6,19.84,19.42,19.77,12967300,BRL,ABEV3
2017-12-08,19.83,20.13,19.79,20.05,18886800,BRL,ABEV3
2017-12-11,20.08,20.21,19.97,20.18,13067700,BRL,ABEV3
2017-12-12,20.13,20.51,19.98,20.51,23500800,BRL,ABEV3
2017-12-13,20.65,20.72,20.04,20.08,27138100,BRL,ABEV3
2017-12-14,20.13,20.13,19.8,20.01,18025500,BRL,ABEV3
2017-12-15,19.94,20.12,19.83,19.94,18692900,BRL,ABEV3
2017-12-18,20.01,20.09,19.83,19.95,18404300,BRL,ABEV3
2017-12-19,19.99,20.0,19.81,19.94,8259800,BRL,ABEV3
2017-12-20,19.95,20.06,19.91,20.05,8924800,BRL,ABEV3
2017-12-21,20.05,20.38,19.95,20.31,18289100,BRL,ABEV3
2017-12-22,20.29,20.47,20.12,20.36,9495400,BRL,ABEV3
2017-12-26,20.36,20.67,20.25,20.58,8193200,BRL,ABEV3
2017-12-27,20.6,20.79,20.6,20.72,5441900,BRL,ABEV3
2017-12-28,20.72,20.77,20.56,20.61,9896000,BRL,ABEV3
2017-01-02,25.28,25.49,25.05,25.06,1118500,BRL,VALE3
2017-01-03,25.51,26.17,25.4,26.17,5658500,BRL,VALE3
2017-01-04,26.06,26.23,25.36,25.7,2144400,BRL,VALE3
2017-01-05,25.98,26.9,25.78,26.68,4031600,BRL,VALE3
2017-01-06,26.29,26.59,25.86,25.97,4213500,BRL,VALE3
2017-01-09,26.3,26.85,26.27,26.5,3407800,BRL,VALE3
2017-01-10,27.42,28.54,27.42,28.54,3606500,BRL,VALE3
2017-01-11,28.81,29.19,28.33,29.13,3499900,BRL,VALE3
2017-01-12,30.08,30.42,29.71,30.07,5500500,BRL,VALE3
2017-01-13,29.89,31.2,29.7,30.99,4424800,BRL,VALE3
2017-01-16,31.2,32.11,31.2,31.82,2018500,BRL,VALE3
2017-01-17,31.23,31.3,30.49,30.57,5968500,BRL,VALE3
2017-01-18,30.35,32.69,30.35,32.11,14846300,BRL,VALE3
2017-01-19,32.0,32.02,31.03,31.47,5303100,BRL,VALE3
2017-01-20,30.99,32.43,30.95,32.1,6309700,BRL,VALE3
2017-01-23,32.21,33.48,32.19,33.31,4369600,BRL,VALE3
2017-01-24,34.07,34.72,33.27,34.13,5373900,BRL,VALE3
2017-01-26,34.42,34.63,33.6,33.6,5274700,BRL,VALE3
2017-01-27,33.48,34.2,33.41,33.7,3244000,BRL,VALE3
2017-01-30,33.22,33.49,32.14,32.25,3136800,BRL,VALE3
2017-01-31,32.7,32.95,32.11,32.18,4067300,BRL,VALE3
2017-02-01,32.7,33.51,32.68,32.89,5928500,BRL,VALE3
2017-02-02,32.41,33.44,32.41,32.66,4024400,BRL,VALE3
2017-02-03,32.0,32.0,30.39,30.61,6833500,BRL,VALE3
2017-02-06,30.66,30.77,29.87,29.92,3554600,BRL,VALE3
2017-02-07,30.64,31.33,30.08,30.24,4297100,BRL,VALE3
2017-02-08,30.79,30.82,30.04,30.59,3867100,BRL,VALE3
2017-02-09,30.52,31.35,30.26,31.08,4011900,BRL,VALE3
2017-02-10,32.16,32.8,32.1,32.8,5036400,BRL,VALE3
2017-02-13,34.21,35.85,34.02,35.81,11344600,BRL,VALE3
2017-02-14,35.53,35.56,34.03,34.4,4651000,BRL,VALE3
2017-02-15,34.7,34.75,33.69,33.82,6626600,BRL,VALE3
2017-02-16,33.78,34.44,33.62,33.77,5231900,BRL,VALE3
2017-02-17,33.61,34.3,33.39,34.07,5909200,BRL,VALE3
2017-02-20,33.02,33.64,32.92,33.52,6047300,BRL,VALE3
2017-02-21,33.9,34.3,32.46,32.7,6307900,BRL,VALE3
2017-02-22,32.51,32.51,31.31,31.92,6845300,BRL,VALE3
2017-02-23,32.38,32.44,30.18,30.52,12566100,BRL,VALE3
2017-02-24,29.58,31.2,29.44,30.11,9984400,BRL,VALE3
2017-03-01,30.41,30.71,30.23,30.52,3262200,BRL,VALE3
2017-03-02,30.64,30.92,28.85,28.95,6860100,BRL,VALE3
2017-03-03,29.34,29.71,28.86,29.28,6887300,BRL,VALE3
2017-03-06,28.89,29.09,28.23,28.62,6393900,BRL,VALE3
2017-03-07,28.7,29.32,28.34,28.45,6653500,BRL,VALE3
2017-03-08,28.73,28.85,27.45,27.71,5789100,BRL,VALE3
2017-03-09,27.1,28.14,26.75,27.77,8743900,BRL,VALE3
2017-03-10,28.21,28.54,27.28,27.28,5574100,BRL,VALE3
2017-03-13,28.29,28.87,28.25,28.53,5769000,BRL,VALE3
2017-03-14,28.29,28.98,27.87,28.68,4090300,BRL,VALE3
2017-03-15,29.36,30.66,29.05,30.66,7371000,BRL,VALE3
2017-03-16,30.94,31.14,29.7,29.93,4526300,BRL,VALE3
2017-03-17,30.08,30.15,28.8,28.8,14666000,BRL,VALE3
2017-03-20,28.66,29.34,28.43,29.1,3235400,BRL,VALE3
2017-03-21,28.42,28.5,26.64,26.72,6492000,BRL,VALE3
2017-03-22,26.18,27.68,26.03,27.05,7011400,BRL,VALE3
2017-03-23,26.72,27.26,26.16,26.91,7072000,BRL,VALE3
2017-03-24,27.14,27.15,26.27,26.68,3909200,BRL,VALE3
2017-03-27,25.75,27.25,25.07,27.04,6832700,BRL,VALE3
2017-03-28,27.3,27.6,27.02,27.43,4454900,BRL,VALE3
2017-03-29,27.68,28.08,27.19,27.71,3103500,BRL,VALE3
2017-03-30,27.6,27.96,27.37,27.7,2230800,BRL,VALE3
2017-03-31,27.17,27.93,26.95,27.41,4009300,BRL,VALE3
2017-04-03,27.43,27.6,26.77,27.15,4090000,BRL,VALE3
2017-04-04,27.2,28.26,26.96,28.2,2425400,BRL,VALE3
2017-04-05,28.52,28.97,26.93,27.1,6226300,BRL,VALE3
2017-04-06,27.36,27.5,26.36,26.6,5805900,BRL,VALE3
2017-04-07,25.95,27.18,25.7,26.82,7499600,BRL,VALE3
2017-04-10,26.81,26.93,26.11,26.71,3783200,BRL,VALE3
2017-04-11,26.76,26.95,25.6,26.37,5065100,BRL,VALE3
2017-04-12,25.4,25.76,25.1,25.23,6277800,BRL,VALE3
2017-04-13,25.19,25.67,25.1,25.23,4171300,BRL,VALE3
2017-04-17,25.07,25.28,24.55,25.24,5369600,BRL,VALE3
2017-04-18,24.43,24.62,24.06,24.48,7197300,BRL,VALE3
2017-04-19,24.75,25.25,24.42,24.54,6304100,BRL,VALE3
2017-04-20,25.11,25.86,24.95,25.81,4584900,BRL,VALE3
2017-04-24,26.58,26.59,25.76,26.1,3353300,BRL,VALE3
2017-04-25,25.98,26.96,25.79,26.96,4655700,BRL,VALE3
2017-04-26,26.9,27.18,26.37,26.37,5952100,BRL,VALE3
2017-04-27,26.52,26.78,25.12,25.51,9337000,BRL,VALE3
2017-04-28,25.81,26.35,25.74,26.12,4794200,BRL,VALE3
2017-05-02,26.34,26.79,26.24,26.68,7800500,BRL,VALE3
2017-05-03,26.24,26.35,25.02,25.03,7875200,BRL,VALE3
2017-05-04,24.67,24.67,23.83,24.1,7711700,BRL,VALE3
2017-05-05,23.96,25.1,23.96,24.77,4223600,BRL,VALE3
2017-05-08,24.72,24.86,24.18,24.75,4542300,BRL,VALE3
2017-05-09,25.1,25.5,24.89,25.2,3970800,BRL,VALE3
2017-05-10,25.56,25.72,24.89,25.25,4513800,BRL,VALE3
2017-05-11,25.31,25.4,24.89,25.03,3400900,BRL,VALE3
2017-05-12,25.37,25.39,24.47,24.64,3844700,BRL,VALE3
2017-05-15,24.79,25.34,24.65,25.34,7368800,BRL,VALE3
2017-05-16,25.5,26.07,25.37,25.92,7041200,BRL,VALE3
2017-05-17,25.99,26.13,25.32,25.52,5427300,BRL,VALE3
2017-05-18,23.77,26.05,23.77,25.54,20095500,BRL,VALE3
2017-05-19,25.82,26.59,25.67,25.91,6487500,BRL,VALE3
2017-05-22,25.91,26.79,25.6,26.55,7974200,BRL,VALE3
2017-05-23,26.39,26.97,25.82,26.87,5402600,BRL,VALE3
2017-05-24,26.75,26.75,25.93,26.17,4307700,BRL,VALE3
2017-05-25,26.16,26.57,25.82,26.34,3993000,BRL,VALE3
2017-05-26,26.14,26.55,25.99,26.49,2956900,BRL,VALE3
2017-05-29,26.22,27.34,26.22,26.68,2945800,BRL,VALE3
2017-05-30,26.77,27.48,26.55,27.19,3071000,BRL,VALE3
2017-05-31,26.81,26.88,25.55,25.83,9430500,BRL,VALE3
2017-06-01,25.82,26.02,25.19,25.36,6895700,BRL,VALE3
2017-06-02,25.58,25.66,25.09,25.46,2599600,BRL,VALE3
2017-06-05,25.05,25.34,24.93,25.19,3460100,BRL,VALE3
2017-06-06,25.02,25.82,25.02,25.27,5871000,BRL,VALE3
2017-06-07,25.58,25.71,25.04,25.15,5910900,BRL,VALE3
2017-06-08,25.05,25.94,25.03,25.69,5164200,BRL,VALE3
2017-06-09,25.82,26.19,25.61,25.96,5220500,BRL,VALE3
2017-06-12,26.04,26.16,25.23,25.52,5185200,BRL,VALE3
2017-06-13,25.34,25.57,24.86,25.07,4566900,BRL,VALE3
2017-06-14,25.33,25.42,24.54,24.82,7632000,BRL,VALE3
2017-06-16,24.54,24.73,24.15,24.3,12977600,BRL,VALE3
2017-06-19,24.71,25.57,24.63,25.09,5718900,BRL,VALE3
2017-06-20,24.84,24.86,24.27,24.45,4354800,BRL,VALE3
2017-06-21,24.63,25.46,24.53,25.17,2750600,BRL,VALE3
2017-06-22,25.15,26.16,25.03,25.69,4682500,BRL,VALE3
2017-06-23,25.69,26.14,25.45,25.9,4854400,BRL,VALE3
2017-06-26,26.0,26.31,25.96,26.12,4031700,BRL,VALE3
2017-06-27,26.96,27.53,26.52,26.55,7457700,BRL,VALE3
2017-06-28,27.11,27.46,26.95,27.37,8512800,BRL,VALE3
2017-06-29,27.69,27.93,27.11,27.48,4298900,BRL,VALE3
2017-06-30,27.53,27.76,27.25,27.57,4746700,BRL,VALE3
2017-07-03,27.82,28.25,27.67,28.19,2162200,BRL,VALE3
2017-07-04,28.01,28.16,27.92,28.16,1057700,BRL,VALE3
2017-07-05,28.17,28.38,27.31,27.51,6434400,BRL,VALE3
2017-07-06,27.42,27.56,27.04,27.5,4806600,BRL,VALE3
2017-07-07,27.69,27.94,27.03,27.47,4648000,BRL,VALE3
2017-07-10,27.48,28.29,27.21,28.25,5051800,BRL,VALE3
2017-07-11,28.36,28.61,28.18,28.56,4947700,BRL,VALE3
2017-07-12,28.72,28.8,28.02,28.43,8506600,BRL,VALE3
2017-07-13,28.63,28.75,27.59,27.75,7756300,BRL,VALE3
2017-07-14,28.0,28.25,27.86,28.07,3715400,BRL,VALE3
2017-07-17,28.38,28.78,28.18,28.26,4646700,BRL,VALE3
2017-07-18,28.43,28.56,28.07,28.43,3970100,BRL,VALE3
2017-07-19,28.53,28.69,28.27,28.43,4386300,BRL,VALE3
2017-07-20,28.36,28.36,27.24,27.31,5909300,BRL,VALE3
2017-07-21,27.29,27.61,26.93,27.1,5459900,BRL,VALE3
2017-07-24,27.21,27.73,27.1,27.7,4203000,BRL,VALE3
2017-07-25,28.11,29.14,28.11,29.11,11646100,BRL,VALE3
2017-07-26,29.38,29.38,28.19,28.2,10669000,BRL,VALE3
2017-07-27,28.2,28.72,27.83,28.24,5509100,BRL,VALE3
2017-07-28,28.08,28.86,27.89,28.85,5148400,BRL,VALE3
2017-07-31,29.95,29.97,29.51,29.76,6246100,BRL,VALE3
2017-08-01,29.71,29.71,29.19,29.53,4301300,BRL,VALE3
2017-08-02,29.19,29.73,29.04,29.58,6073700,BRL,VALE3
2017-08-03,29.61,29.69,29.13,29.17,5049800,BRL,VALE3
2017-08-04,29.44,29.94,29.23,29.69,4574000,BRL,VALE3
2017-08-07,30.05,30.84,30.04,30.83,7791300,BRL,VALE3
2017-08-08,30.51,31.02,30.01,30.47,9690900,BRL,VALE3
2017-08-09,30.43,30.66,30.14,30.35,7836800,BRL,VALE3
2017-08-10,30.23,30.46,29.85,29.95,7373100,BRL,VALE3
2017-08-11,29.73,29.73,29.06,29.29,13439600,BRL,VALE3
2017-08-14,29.27,29.92,29.04,29.76,16860000,BRL,VALE3
2017-08-15,29.76,29.9,29.18,29.59,17690400,BRL,VALE3
2017-08-16,29.86,30.49,29.78,30.17,25977200,BRL,VALE3
2017-08-17,30.32,30.46,29.58,29.67,14011700,BRL,VALE3
2017-08-18,30.24,30.47,29.87,30.0,24350300,BRL,VALE3
2017-08-21,30.42,30.66,30.15,30.19,19833500,BRL,VALE3
2017-08-22,30.76,30.8,30.15,30.29,19092300,BRL,VALE3
2017-08-23,30.18,30.95,30.05,30.94,15314800,BRL,VALE3
2017-08-24,30.96,32.33,30.74,32.21,20394100,BRL,VALE3
2017-08-25,32.44,32.64,31.78,32.17,16267700,BRL,VALE3
2017-08-28,32.04,32.79,32.0,32.67,14843200,BRL,VALE3
2017-08-29,32.33,32.96,32.24,32.75,15647700,BRL,VALE3
2017-08-30,32.8,33.0,32.56,32.65,13954700,BRL,VALE3
2017-08-31,33.2,33.45,32.76,33.36,56185000,BRL,VALE3
2017-09-01,33.75,34.21,33.53,33.92,22462700,BRL,VALE3
2017-09-04,33.64,34.41,33.57,34.33,14958000,BRL,VALE3
2017-09-05,34.71,34.89,33.45,33.85,24106300,BRL,VALE3
2017-09-06,34.06,34.32,33.73,34.04,18067200,BRL,VALE3
2017-09-08,33.94,34.33,32.78,32.78,22867200,BRL,VALE3
2017-09-11,33.09,33.48,33.02,33.37,19092500,BRL,VALE3
2017-09-12,33.63,33.97,33.5,33.53,16046400,BRL,VALE3
2017-09-13,33.33,33.4,32.7,33.06,21935900,BRL,VALE3
2017-09-14,32.33,32.42,31.71,31.97,24231000,BRL,VALE3
2017-09-15,31.72,32.46,31.66,32.14,34074000,BRL,VALE3
2017-09-18,32.15,32.62,32.12,32.57,18561100,BRL,VALE3
2017-09-19,32.14,32.32,31.69,32.25,17055700,BRL,VALE3
2017-09-20,32.21,32.47,31.16,31.54,24024700,BRL,VALE3
2017-09-21,31.05,31.16,30.58,30.91,26131700,BRL,VALE3
2017-09-22,30.57,30.79,30.28,30.34,16823400,BRL,VALE3
2017-09-25,30.24,30.7,29.48,29.56,20687500,BRL,VALE3
2017-09-26,29.92,30.36,29.87,29.95,17015200,BRL,VALE3
2017-09-27,30.41,30.66,29.5,30.36,26162600,BRL,VALE3
2017-09-28,29.96,30.28,29.74,30.19,17519100,BRL,VALE3
2017-09-29,30.56,30.81,30.06,30.3,15930400,BRL,VALE3
2017-10-02,30.66,30.84,30.3,30.33,13432900,BRL,VALE3
2017-10-03,30.51,31.07,30.2,31.07,23348900,BRL,VALE3
2017-10-04,31.26,31.44,31.01,31.01,17370500,BRL,VALE3
2017-10-05,31.38,31.56,30.66,30.68,17253100,BRL,VALE3
2017-10-06,30.49,30.57,30.27,30.56,12364100,BRL,VALE3
2017-10-09,30.47,30.52,29.72,29.95,13193900,BRL,VALE3
2017-10-10,30.09,30.14,29.42,29.78,20058300,BRL,VALE3
2017-10-11,29.42,29.94,29.22,29.57,22923100,BRL,VALE3
2017-10-13,30.52,31.47,30.43,31.29,31308600,BRL,VALE3
2017-10-16,31.74,31.99,31.22,31.71,35861900,BRL,VALE3
2017-10-17,31.48,31.68,30.98,30.98,19842700,BRL,VALE3
2017-10-18,31.15,31.33,30.23,30.68,21210600,BRL,VALE3
2017-10-19,30.19,31.44,30.15,31.38,18549800,BRL,VALE3
2017-10-20,32.09,32.12,31.33,31.33,24301000,BRL,VALE3
2017-10-23,31.38,31.57,31.04,31.1,11948700,BRL,VALE3
2017-10-24,31.26,32.17,30.95,32.17,19996200,BRL,VALE3
2017-10-25,31.98,32.2,31.44,31.9,16724100,BRL,VALE3
2017-10-26,32.2,32.23,31.06,31.06,25302400,BRL,VALE3
2017-10-27,30.7,31.25,30.46,30.95,17377200,BRL,VALE3
2017-10-30,30.61,31.31,30.27,30.76,19401600,BRL,VALE3
2017-10-31,30.83,31.08,30.44,30.52,14629600,BRL,VALE3
2017-11-01,31.19,31.64,31.08,31.21,29709500,BRL,VALE3
2017-11-03,31.57,31.89,31.38,31.89,29217800,BRL,VALE3
2017-11-06,32.22,32.65,32.17,32.65,26333200,BRL,VALE3
2017-11-07,32.56,32.56,31.87,31.87,20239700,BRL,VALE3
2017-11-08,32.15,32.28,31.81,32.27,11580800,BRL,VALE3
2017-11-09,32.04,32.05,31.19,31.19,19246700,BRL,VALE3
2017-11-10,31.17,31.41,30.9,31.16,12199100,BRL,VALE3
2017-11-13,31.23,31.8,30.99,31.51,12424700,BRL,VALE3
2017-11-14,31.4,31.47,30.37,30.58,23389800,BRL,VALE3
2017-11-16,30.86,31.18,30.46,31.0,16280300,BRL,VALE3
2017-11-17,30.99,31.54,30.73,31.3,13771300,BRL,VALE3
2017-11-21,31.65,32.38,31.52,32.38,23741300,BRL,VALE3
2017-11-22,32.71,33.25,32.59,33.03,22150200,BRL,VALE3
2017-11-23,33.12,33.61,32.87,33.47,11962000,BRL,VALE3
2017-11-24,33.45,34.09,33.38,34.03,30784900,BRL,VALE3
2017-11-27,33.72,34.02,33.36,33.67,15112700,BRL,VALE3
2017-11-28,33.71,34.85,33.52,34.47,28591400,BRL,VALE3
2017-11-29,34.5,34.78,33.88,33.95,18176000,BRL,VALE3
2017-11-30,33.95,34.31,33.21,33.41,25417200,BRL,VALE3
2017-12-01,33.47,34.2,33.17,33.74,17204100,BRL,VALE3
2017-12-04,34.19,35.16,34.09,35.02,22600100,BRL,VALE3
2017-12-05,35.0,35.56,34.25,34.25,25898800,BRL,VALE3
2017-12-06,33.83,34.22,33.62,34.0,20400800,BRL,VALE3
2017-12-07,33.33,33.75,33.18,33.6,19876200,BRL,VALE3
2017-12-08,34.05,34.18,33.72,33.74,21502200,BRL,VALE3
2017-12-11,34.07,34.23,33.74,34.0,14785300,BRL,VALE3
2017-12-12,33.88,34.4,33.49,34.4,17624400,BRL,VALE3
2017-12-13,34.64,34.69,34.28,34.33,21135300,BRL,VALE3
2017-12-14,34.14,34.78,34.03,34.46,17718000,BRL,VALE3
2017-12-15,34.72,35.45,34.57,35.08,32954100,BRL,VALE3
2017-12-18,35.65,36.15,35.5,35.98,24339300,BRL,VALE3
2017-12-19,35.86,36.23,35.79,35.99,14041000,BRL,VALE3
2017-12-20,36.1,37.28,36.1,37.23,19218100,BRL,VALE3
2017-12-21,37.18,37.78,37.16,37.78,11772500,BRL,VALE3
2017-12-22,37.81,38.28,37.69,38.24,10140000,BRL,VALE3
2017-12-26,38.07,38.44,37.5,38.3,9986600,BRL,VALE3
2017-12-27,38.25,38.64,38.09,38.31,9943000,BRL,VALE3
2017-12-28,38.45,38.69,38.38,38.69,9963300,BRL,VALE3
2017-01-02,25.36,25.42,24.94,25.03,1968200,BRL,BBAS3
2017-01-03,25.23,26.18,25.23,26.18,7578900,BRL,BBAS3
2017-01-04,26.04,26.36,25.95,26.04,4156300,BRL,BBAS3
2017-01-05,26.11,26.27,25.84,25.98,5457100,BRL,BBAS3
2017-01-06,25.98,26.3,25.94,26.26,3692400,BRL,BBAS3
2017-01-09,25.26,25.85,25.04,25.27,15490200,BRL,BBAS3
2017-01-10,25.69,25.9,25.47,25.62,5447600,BRL,BBAS3
2017-01-11,25.77,25.9,25.11,25.89,5684200,BRL,BBAS3
2017-01-12,26.47,26.81,26.34,26.54,9465100,BRL,BBAS3
2017-01-13,26.35,26.6,25.75,25.85,5499200,BRL,BBAS3
2017-01-16,25.91,26.22,25.71,25.87,3489000,BRL,BBAS3
2017-01-17,25.86,26.42,25.8,26.29,4969400,BRL,BBAS3
2017-01-18,26.42,26.45,26.07,26.07,4305300,BRL,BBAS3
2017-01-19,26.12,26.36,25.73,26.1,4024100,BRL,BBAS3
2017-01-20,26.14,26.77,26.14,26.68,9854700,BRL,BBAS3
2017-01-23,26.82,27.92,26.73,27.89,8134300,BRL,BBAS3
2017-01-24,27.91,28.27,27.09,27.36,8073200,BRL,BBAS3
2017-01-26,28.18,29.09,27.95,29.09,13530500,BRL,BBAS3
2017-01-27,28.9,29.0,28.5,28.53,5372200,BRL,BBAS3
2017-01-30,28.2,28.36,27.46,27.74,5651700,BRL,BBAS3
2017-01-31,27.89,28.28,27.53,28.28,5544300,BRL,BBAS3
2017-02-01,28.53,28.86,28.32,28.42,5422800,BRL,BBAS3
2017-02-02,28.05,28.59,27.71,28.15,6384800,BRL,BBAS3
2017-02-03,28.02,28.78,27.53,28.08,8189300,BRL,BBAS3
2017-02-06,28.45,28.62,27.13,27.38,6117600,BRL,BBAS3
2017-02-07,27.87,27.94,27.38,27.63,4222000,BRL,BBAS3
2017-02-08,27.72,28.16,27.32,27.92,4427600,BRL,BBAS3
2017-02-09,27.96,28.27,27.55,27.83,6273900,BRL,BBAS3
2017-02-10,28.16,28.6,27.73,28.34,6443400,BRL,BBAS3
2017-02-13,28.45,28.8,28.26,28.52,4891200,BRL,BBAS3
2017-02-14,28.57,28.68,28.04,28.62,6112600,BRL,BBAS3
2017-02-15,28.66,29.31,28.64,28.96,9181000,BRL,BBAS3
2017-02-16,28.38,29.97,28.18,29.9,17075400,BRL,BBAS3
2017-02-17,29.66,30.22,29.47,29.92,10704800,BRL,BBAS3
2017-02-20,30.1,30.47,29.88,30.4,5008800,BRL,BBAS3
2017-02-21,30.4,30.91,30.38,30.91,7416100,BRL,BBAS3
2017-02-22,30.82,31.22,30.63,30.99,6848600,BRL,BBAS3
2017-02-23,31.01,31.59,30.12,30.32,8672300,BRL,BBAS3
2017-02-24,29.92,30.41,29.5,30.09,6558500,BRL,BBAS3
2017-03-01,30.82,30.87,30.09,30.54,5667600,BRL,BBAS3
2017-03-02,30.47,30.69,30.16,30.26,6869400,BRL,BBAS3
2017-03-03,30.36,31.73,30.35,31.73,11083600,BRL,BBAS3
2017-03-06,31.49,31.99,31.48,31.98,9013700,BRL,BBAS3
2017-03-07,32.1,32.1,31.39,31.59,5198800,BRL,BBAS3
2017-03-08,31.49,31.56,30.75,30.85,7208900,BRL,BBAS3
2017-03-09,30.73,31.05,30.29,30.53,4361900,BRL,BBAS3
2017-03-10,30.72,31.44,30.55,30.65,5800500,BRL,BBAS3
2017-03-13,30.93,31.25,30.67,30.97,3756000,BRL,BBAS3
2017-03-14,30.89,31.62,30.84,30.91,6685800,BRL,BBAS3
2017-03-15,31.12,31.41,30.27,31.17,9552800,BRL,BBAS3
2017-03-16,31.1,31.38,30.38,30.75,5606000,BRL,BBAS3
2017-03-17,30.92,31.09,29.82,29.91,11239600,BRL,BBAS3
2017-03-20,29.8,30.46,29.35,29.86,7900300,BRL,BBAS3
2017-03-21,30.17,30.32,28.99,29.14,7459500,BRL,BBAS3
2017-03-22,29.14,30.37,29.02,30.13,8935700,BRL,BBAS3
2017-03-23,29.98,30.4,29.72,30.13,5524400,BRL,BBAS3
2017-03-24,30.08,30.53,29.99,30.27,4658800,BRL,BBAS3
2017-03-27,29.95,30.38,29.74,30.37,4026500,BRL,BBAS3
2017-03-28,30.26,30.37,29.91,30.17,4578500,BRL,BBAS3
2017-03-29,30.17,31.27,30.06,31.27,9363200,BRL,BBAS3
2017-03-30,31.36,31.59,30.92,31.06,6485500,BRL,BBAS3
2017-03-31,30.81,31.11,30.72,30.79,6856100,BRL,BBAS3
2017-04-03,30.78,31.26,30.6,30.88,3616900,BRL,BBAS3
2017-04-04,30.81,31.2,30.63,31.0,5840500,BRL,BBAS3
2017-04-05,31.09,31.22,30.2,30.47,4717700,BRL,BBAS3
2017-04-06,30.45,30.54,29.51,29.76,5927000,BRL,BBAS3
2017-04-07,29.69,30.22,29.17,29.63,5302000,BRL,BBAS3
2017-04-10,29.69,29.91,29.43,29.89,7670900,BRL,BBAS3
2017-04-11,29.95,30.25,29.58,29.92,9432700,BRL,BBAS3
2017-04-12,29.8,29.9,29.35,29.43,10781900,BRL,BBAS3
2017-04-13,29.24,29.31,27.9,27.9,11792500,BRL,BBAS3
2017-04-17,28.24,29.33,28.02,29.19,9579100,BRL,BBAS3
2017-04-18,28.93,29.78,28.83,29.47,7814000,BRL,BBAS3
2017-04-19,29.55,29.7,28.37,28.4,6003800,BRL,BBAS3
2017-04-20,28.73,29.04,28.31,28.62,4440300,BRL,BBAS3
2017-04-24,29.28,29.58,28.81,29.45,7612500,BRL,BBAS3
2017-04-25,29.26,29.63,29.0,29.63,5000300,BRL,BBAS3
2017-04-26,29.49,30.02,29.27,29.27,6477600,BRL,BBAS3
2017-04-27,29.52,29.99,29.31,29.68,6237200,BRL,BBAS3
2017-04-28,29.63,30.15,29.51,29.95,4030000,BRL,BBAS3
2017-05-02,30.15,30.97,29.94,30.89,7949400,BRL,BBAS3
2017-05-03,30.84,30.96,30.34,30.79,4171300,BRL,BBAS3
2017-05-04,30.86,30.86,29.5,29.5,7508400,BRL,BBAS3
2017-05-05,29.67,30.44,29.54,30.18,4939300,BRL,BBAS3
2017-05-08,29.81,30.14,29.35,29.43,4718800,BRL,BBAS3
2017-05-09,29.46,30.04,29.32,29.54,4863300,BRL,BBAS3
2017-05-10,29.98,30.4,29.91,30.4,5546200,BRL,BBAS3
2017-05-11,30.54,31.77,30.54,31.35,13913400,BRL,BBAS3
2017-05-12,31.54,32.26,31.37,32.26,10554000,BRL,BBAS3
2017-05-15,32.24,32.24,31.44,31.68,6125700,BRL,BBAS3
2017-05-16,31.63,31.81,31.48,31.68,8676000,BRL,BBAS3
2017-05-17,31.47,31.47,30.45,30.82,6459800,BRL,BBAS3
2017-05-18,22.97,27.13,22.97,24.69,32807400,BRL,BBAS3
2017-05-19,25.84,26.35,25.31,25.51,17764200,BRL,BBAS3
2017-05-22,25.04,25.24,23.83,24.32,13585000,BRL,BBAS3
2017-05-23,24.78,24.98,24.51,24.89,8589100,BRL,BBAS3
2017-05-24,25.43,26.11,25.33,25.33,12026100,BRL,BBAS3
2017-05-25,25.45,25.85,24.98,25.44,9155800,BRL,BBAS3
2017-05-26,25.61,26.62,25.52,26.49,10097200,BRL,BBAS3
2017-05-29,26.32,26.4,25.93,26.31,3607700,BRL,BBAS3
2017-05-30,26.36,26.7,26.3,26.62,4359900,BRL,BBAS3
2017-05-31,26.62,26.85,25.82,26.01,10402000,BRL,BBAS3
2017-06-01,26.26,26.44,25.56,25.74,6161800,BRL,BBAS3
2017-06-02,26.02,26.21,25.53,25.77,7162500,BRL,BBAS3
2017-06-05,25.44,25.78,25.06,25.25,5525600,BRL,BBAS3
2017-06-06,25.3,26.26,25.17,25.98,9179700,BRL,BBAS3
2017-06-07,26.35,26.49,26.15,26.29,7351100,BRL,BBAS3
2017-06-08,25.98,26.0,25.44,25.89,6608700,BRL,BBAS3
2017-06-09,25.94,26.13,25.22,25.47,7728900,BRL,BBAS3
2017-06-12,25.36,25.47,24.62,24.87,8004300,BRL,BBAS3
2017-06-13,25.03,25.27,24.78,25.14,7621100,BRL,BBAS3
2017-06-14,25.23,25.65,24.95,25.13,10030200,BRL,BBAS3
2017-06-16,25.01,25.56,25.0,25.22,17949300,BRL,BBAS3
2017-06-19,25.33,25.46,24.71,24.89,6367100,BRL,BBAS3
2017-06-20,24.83,24.83,23.81,23.86,10073600,BRL,BBAS3
2017-06-21,24.0,24.13,23.59,23.73,8155400,BRL,BBAS3
2017-06-22,23.77,24.03,23.65,23.86,6455800,BRL,BBAS3
2017-06-23,23.95,23.97,23.38,23.38,5059500,BRL,BBAS3
2017-06-26,23.66,24.87,23.59,24.75,9369600,BRL,BBAS3
2017-06-27,24.49,24.76,23.89,23.95,10363900,BRL,BBAS3
2017-06-28,24.14,24.36,23.64,24.22,4796700,BRL,BBAS3
2017-06-29,24.43,24.72,24.05,24.37,5154900,BRL,BBAS3
2017-06-30,24.48,24.7,24.38,24.59,5112600,BRL,BBAS3
2017-07-03,24.74,25.03,24.59,24.93,4220800,BRL,BBAS3
2017-07-04,24.76,25.16,24.68,25.06,3015200,BRL,BBAS3
2017-07-05,25.23,25.31,24.68,24.93,7511500,BRL,BBAS3
2017-07-06,24.91,24.98,24.65,24.77,3926700,BRL,BBAS3
2017-07-07,25.0,25.09,24.27,24.44,5769900,BRL,BBAS3
2017-07-10,24.47,24.81,24.33,24.69,4721500,BRL,BBAS3
2017-07-11,24.69,25.78,24.63,25.73,9267700,BRL,BBAS3
2017-07-12,25.95,26.58,25.54,26.46,11713400,BRL,BBAS3
2017-07-13,26.52,26.8,26.43,26.7,7041600,BRL,BBAS3
2017-07-14,26.75,27.04,26.71,26.99,5363400,BRL,BBAS3
2017-07-17,26.97,26.97,26.67,26.85,4913000,BRL,BBAS3
2017-07-18,26.79,26.88,26.61,26.87,6422000,BRL,BBAS3
2017-07-19,26.89,27.13,26.74,26.96,5752000,BRL,BBAS3
2017-07-20,27.03,27.53,27.0,27.2,7680300,BRL,BBAS3
2017-07-21,27.07,27.5,26.86,26.99,4011200,BRL,BBAS3
2017-07-24,27.0,27.12,26.44,26.68,6832300,BRL,BBAS3
2017-07-25,26.88,27.3,26.87,27.12,4848600,BRL,BBAS3
2017-07-26,27.12,27.23,26.45,26.46,5147700,BRL,BBAS3
2017-07-27,26.67,26.8,26.19,26.23,4741900,BRL,BBAS3
2017-07-28,26.18,26.29,26.04,26.21,3632500,BRL,BBAS3
2017-07-31,26.36,26.48,26.26,26.34,3577200,BRL,BBAS3
2017-08-01,26.49,27.07,26.38,26.89,7274100,BRL,BBAS3
2017-08-02,26.93,28.09,26.79,27.97,8081800,BRL,BBAS3
2017-08-03,27.97,28.4,27.87,28.15,7168300,BRL,BBAS3
2017-08-04,28.23,28.44,28.01,28.33,4958500,BRL,BBAS3
2017-08-07,28.44,28.88,28.22,28.77,4783500,BRL,BBAS3
2017-08-08,28.77,29.31,28.55,28.77,6207900,BRL,BBAS3
2017-08-09,28.46,28.48,27.94,28.23,6908000,BRL,BBAS3
2017-08-10,28.61,28.65,28.01,28.37,9230500,BRL,BBAS3
2017-08-11,28.2,28.53,28.09,28.35,5328300,BRL,BBAS3
2017-08-14,28.33,29.06,28.2,28.53,8042500,BRL,BBAS3
2017-08-15,28.74,28.96,28.39,28.39,8807000,BRL,BBAS3
2017-08-16,28.63,28.72,27.9,28.16,10035600,BRL,BBAS3
2017-08-17,27.99,28.1,27.55,27.67,5936600,BRL,BBAS3
2017-08-18,27.8,27.94,27.35,27.91,9439500,BRL,BBAS3
2017-08-21,28.22,28.59,28.08,28.28,7651000,BRL,BBAS3
2017-08-22,29.33,29.69,29.08,29.55,11660800,BRL,BBAS3
2017-08-23,29.57,29.81,29.29,29.57,6747500,BRL,BBAS3
2017-08-24,29.61,29.75,29.38,29.67,6407400,BRL,BBAS3
2017-08-25,29.72,29.93,29.48,29.56,4154000,BRL,BBAS3
2017-08-28,29.73,29.73,29.1,29.28,4352200,BRL,BBAS3
2017-08-29,29.09,29.14,28.79,29.08,7226000,BRL,BBAS3
2017-08-30,29.1,29.26,28.63,28.79,5291900,BRL,BBAS3
2017-08-31,28.75,28.92,28.08,28.36,9046900,BRL,BBAS3
2017-09-01,28.63,29.53,28.63,29.45,13623100,BRL,BBAS3
2017-09-04,29.45,29.63,29.22,29.41,4088000,BRL,BBAS3
2017-09-05,30.48,30.53,29.56,29.56,11081100,BRL,BBAS3
2017-09-06,29.9,30.33,29.77,30.26,11243900,BRL,BBAS3
2017-09-08,30.34,30.43,29.95,30.17,6702500,BRL,BBAS3
2017-09-11,30.4,31.35,30.4,31.25,12545700,BRL,BBAS3
2017-09-12,31.17,31.54,30.72,30.9,7217300,BRL,BBAS3
2017-09-13,31.04,31.38,30.47,31.09,7803300,BRL,BBAS3
2017-09-14,30.77,31.36,30.59,31.12,5181500,BRL,BBAS3
2017-09-15,31.11,31.89,31.01,31.58,12056400,BRL,BBAS3
2017-09-18,31.54,32.03,31.43,32.01,6786600,BRL,BBAS3
2017-09-19,32.04,32.17,31.53,31.97,5875700,BRL,BBAS3
2017-09-20,32.09,32.52,31.76,32.18,12122000,BRL,BBAS3
2017-09-21,32.77,33.3,32.6,32.88,16503500,BRL,BBAS3
2017-09-22,32.74,32.79,32.42,32.68,5399000,BRL,BBAS3
2017-09-25,32.51,32.62,31.72,31.76,5288700,BRL,BBAS3
2017-09-26,32.09,32.23,31.9,31.94,7628700,BRL,BBAS3
2017-09-27,32.0,32.24,31.2,31.78,8376700,BRL,BBAS3
2017-09-28,31.81,31.81,31.27,31.51,6018000,BRL,BBAS3
2017-09-29,31.76,32.15,31.56,31.85,6780900,BRL,BBAS3
2017-10-02,31.74,31.99,31.51,31.9,5403200,BRL,BBAS3
2017-10-03,31.94,33.2,31.94,33.19,12495100,BRL,BBAS3
2017-10-04,33.07,33.29,32.74,33.04,9574500,BRL,BBAS3
2017-10-05,33.27,34.2,33.17,33.58,10551300,BRL,BBAS3
2017-10-06,33.49,33.77,33.06,33.77,6134800,BRL,BBAS3
2017-10-09,33.45,33.66,32.89,33.39,8087800,BRL,BBAS3
2017-10-10,33.77,34.1,33.68,34.1,9819700,BRL,BBAS3
2017-10-11,33.88,34.18,33.78,34.13,7561700,BRL,BBAS3
2017-10-13,34.2,34.29,33.93,34.15,4695000,BRL,BBAS3
2017-10-16,34.09,34.22,33.87,34.22,5166900,BRL,BBAS3
2017-10-17,34.01,34.28,33.8,34.28,5301600,BRL,BBAS3
2017-10-18,34.22,34.45,34.0,34.16,6140400,BRL,BBAS3
2017-10-19,33.88,34.12,33.53,33.93,5361500,BRL,BBAS3
2017-10-20,33.98,34.23,33.88,34.23,6921100,BRL,BBAS3
2017-10-23,34.1,34.12,33.04,33.04,6320100,BRL,BBAS3
2017-10-24,33.17,33.45,32.76,33.34,8449300,BRL,BBAS3
2017-10-25,33.49,34.08,33.43,33.88,9351500,BRL,BBAS3
2017-10-26,34.22,34.52,33.46,33.46,7285700,BRL,BBAS3
2017-10-27,33.46,33.76,33.19,33.31,5224000,BRL,BBAS3
2017-10-30,33.13,33.18,31.91,32.13,9824100,BRL,BBAS3
2017-10-31,32.22,32.56,31.43,31.43,6131900,BRL,BBAS3
2017-11-01,31.94,31.98,31.03,31.03,7144900,BRL,BBAS3
2017-11-03,31.18,31.43,30.25,30.47,9167300,BRL,BBAS3
2017-11-06,30.48,30.66,29.93,30.23,10703300,BRL,BBAS3
2017-11-07,29.92,29.99,28.66,28.71,14101100,BRL,BBAS3
2017-11-08,29.2,30.34,28.99,30.22,9564500,BRL,BBAS3
2017-11-09,30.25,30.3,29.32,29.44,9934600,BRL,BBAS3
2017-11-10,29.61,29.62,28.3,28.57,11508300,BRL,BBAS3
2017-11-13,28.66,28.85,28.07,28.61,9767300,BRL,BBAS3
2017-11-14,28.84,29.1,27.88,27.93,10754800,BRL,BBAS3
2017-11-16,28.2,29.33,28.14,29.25,8606400,BRL,BBAS3
2017-11-17,29.2,29.97,29.08,29.74,9833200,BRL,BBAS3
2017-11-21,30.2,30.38,29.98,30.25,13227100,BRL,BBAS3
2017-11-22,30.45,30.54,29.82,30.08,10173300,BRL,BBAS3
2017-11-23,29.95,30.28,29.47,30.12,4297600,BRL,BBAS3
2017-11-24,30.08,30.09,29.69,29.95,5439100,BRL,BBAS3
2017-11-27,29.84,29.84,29.22,29.55,5718900,BRL,BBAS3
2017-11-28,29.92,30.31,29.6,29.99,7342500,BRL,BBAS3
2017-11-29,30.06,30.23,28.63,28.63,12881300,BRL,BBAS3
2017-11-30,28.58,28.58,27.5,27.5,16008700,BRL,BBAS3
2017-12-01,27.52,28.34,27.22,28.28,11157000,BRL,BBAS3
2017-12-04,28.48,29.38,28.4,28.97,8429700,BRL,BBAS3
2017-12-05,28.92,29.68,28.35,28.55,9200500,BRL,BBAS3
2017-12-06,28.41,29.41,28.03,29.41,9198200,BRL,BBAS3
2017-12-07,28.67,28.81,28.01,28.27,14666200,BRL,BBAS3
2017-12-08,28.92,29.04,28.44,28.44,6115600,BRL,BBAS3
2017-12-11,28.8,29.03,28.21,28.21,7167500,BRL,BBAS3
2017-12-12,28.1,28.84,27.78,28.84,8697000,BRL,BBAS3
2017-12-13,29.13,29.39,28.02,28.15,15939500,BRL,BBAS3
2017-12-14,28.01,28.34,27.69,28.04,7587400,BRL,BBAS3
2017-12-15,28.03,28.47,27.92,28.19,10503200,BRL,BBAS3
2017-12-18,28.56,28.79,28.26,28.57,7142300,BRL,BBAS3
2017-12-19,28.45,28.68,28.19,28.4,4775400,BRL,BBAS3
2017-12-20,28.65,28.79,28.39,28.42,4594600,BRL,BBAS3
2017-12-21,28.56,29.1,28.27,28.74,8532100,BRL,BBAS3
2017-12-22,28.67,29.0,28.61,28.84,3130100,BRL,BBAS3
2017-12-26,28.83,29.34,28.83,29.15,3704000,BRL,BBAS3
2017-12-27,29.17,29.56,29.17,29.51,4692400,BRL,BBAS3
2017-12-28,29.67,29.82,29.32,29.32,6109600,BRL,BBAS3
